datetime,timestamp,open,high,low,close,volume
2025-07-03 04:00:00+00:00,1751515200000,2560.45,2573.63,2559.07,2565.3,342975.4555718526
2025-07-03 05:00:00+00:00,1751518800000,2565.3,2600.04,2565.3,2587.9,921062.1901234133
2025-07-03 06:00:00+00:00,1751522400000,2588.37,2602.3,2585.61,2598.3,462187.9274422081
2025-07-03 07:00:00+00:00,1751526000000,2598.3,2604.62,2589.85,2599.16,325019.468455271
2025-07-03 08:00:00+00:00,1751529600000,2599.17,2607.05,2588.64,2588.65,602389.6591712456
2025-07-03 09:00:00+00:00,1751533200000,2588.55,2620.28,2585.64,2598.99,1078533.2951018966
2025-07-03 10:00:00+00:00,1751536800000,2598.99,2601.89,2584.84,2597.39,818908.0250830167
2025-07-03 11:00:00+00:00,1751540400000,2597.39,2598.04,2582.17,2596.43,418142.5453867078
2025-07-03 12:00:00+00:00,1751544000000,2595.56,2613.74,2566.39,2587.94,1276716.9737698408
2025-07-03 13:00:00+00:00,1751547600000,2587.9,2634.98,2586.73,2623.29,1910270.220112078
2025-07-03 14:00:00+00:00,1751551200000,2623.65,2631.2,2584.94,2595.5,1173887.0327238434
2025-07-03 15:00:00+00:00,1751554800000,2594.87,2596.42,2564.08,2569.78,1125274.1965205388
2025-07-03 16:00:00+00:00,1751558400000,2569.78,2580.8,2565.3,2571.68,1000069.8588198269
2025-07-03 17:00:00+00:00,1751562000000,2571.67,2579.58,2571.67,2576.26,400178.0839669756
2025-07-03 18:00:00+00:00,1751565600000,2576.57,2586.49,2575.12,2584.37,476753.0706746485
2025-07-03 19:00:00+00:00,1751569200000,2584.58,2592.47,2582.26,2585.44,360667.2011604116
2025-07-03 20:00:00+00:00,1751572800000,2586.21,2598.79,2585.34,2598.26,370493.4882270412
2025-07-03 21:00:00+00:00,1751576400000,2598.27,2603.17,2590.0,2594.02,531750.8606029215
2025-07-03 22:00:00+00:00,1751580000000,2594.72,2600.0,2590.42,2593.07,202681.359542696
2025-07-03 23:00:00+00:00,1751583600000,2593.08,2596.6,2585.35,2590.67,162906.8831650359
2025-07-04 00:00:00+00:00,1751587200000,2590.66,2597.69,2580.44,2588.11,143365.7557461063
2025-07-04 01:00:00+00:00,1751590800000,2588.08,2602.02,2587.48,2590.14,349359.8160889817
2025-07-04 02:00:00+00:00,1751594400000,2590.0,2591.55,2571.68,2575.23,198442.3763418089
2025-07-04 03:00:00+00:00,1751598000000,2575.24,2584.89,2572.67,2577.8,111481.0651852707
2025-07-04 04:00:00+00:00,1751601600000,2578.15,2583.86,2569.81,2571.45,105180.4223856737
2025-07-04 05:00:00+00:00,1751605200000,2570.58,2580.8,2563.44,2568.41,353793.3375890293
2025-07-04 06:00:00+00:00,1751608800000,2567.5,2568.43,2549.91,2557.71,811082.2381709268
2025-07-04 07:00:00+00:00,1751612400000,2557.79,2563.73,2530.43,2534.6,746856.6336985395
2025-07-04 08:00:00+00:00,1751616000000,2534.59,2552.8,2526.92,2547.02,600205.1201455408
2025-07-04 09:00:00+00:00,1751619600000,2547.02,2558.0,2546.83,2550.85,288642.8496814216
2025-07-04 10:00:00+00:00,1751623200000,2551.05,2555.08,2545.9,2547.54,202374.7848477735
2025-07-04 11:00:00+00:00,1751626800000,2547.54,2556.06,2547.54,2548.81,198326.5666827131
2025-07-04 12:00:00+00:00,1751630400000,2548.93,2553.56,2543.66,2547.88,469118.8155048931
2025-07-04 13:00:00+00:00,1751634000000,2547.51,2554.24,2522.02,2525.98,573694.077600748
2025-07-04 14:00:00+00:00,1751637600000,2525.96,2528.24,2499.0,2516.24,1194899.2563329923
2025-07-04 15:00:00+00:00,1751641200000,2516.64,2517.61,2500.0,2501.09,782395.5427115181
2025-07-04 16:00:00+00:00,1751644800000,2502.6,2502.6,2474.93,2488.02,899674.3515737376
2025-07-04 17:00:00+00:00,1751648400000,2488.01,2498.0,2487.45,2496.91,413350.2283807434
2025-07-04 18:00:00+00:00,1751652000000,2496.65,2496.65,2480.92,2484.91,433008.3207403693
2025-07-04 19:00:00+00:00,1751655600000,2484.9,2490.32,2475.02,2483.41,304607.5906936697
2025-07-04 20:00:00+00:00,1751659200000,2482.62,2496.6,2482.23,2491.79,256814.5100532976
2025-07-04 21:00:00+00:00,1751662800000,2491.3,2497.51,2489.0,2497.51,225126.7099991325
2025-07-04 22:00:00+00:00,1751666400000,2497.5,2520.77,2495.6,2520.09,664514.9118459689
2025-07-04 23:00:00+00:00,1751670000000,2520.1,2520.1,2505.43,2507.23,222531.2576773021
2025-07-05 00:00:00+00:00,1751673600000,2508.21,2517.87,2507.66,2517.1,135671.9706269536
2025-07-05 01:00:00+00:00,1751677200000,2517.1,2517.1,2507.23,2514.38,146692.5379749856
2025-07-05 02:00:00+00:00,1751680800000,2514.38,2518.89,2499.88,2518.88,238167.080122256
2025-07-05 03:00:00+00:00,1751684400000,2518.89,2525.21,2515.8,2518.61,153647.1402289699
2025-07-05 04:00:00+00:00,1751688000000,2518.62,2524.43,2513.11,2516.69,230186.2599957348
2025-07-05 05:00:00+00:00,1751691600000,2516.69,2520.33,2513.98,2519.5,74499.209119309
2025-07-05 06:00:00+00:00,1751695200000,2519.92,2528.1,2517.6,2527.6,158695.7839147763
2025-07-05 07:00:00+00:00,1751698800000,2527.59,2529.87,2520.22,2521.27,111549.0197050499
2025-07-05 08:00:00+00:00,1751702400000,2521.68,2524.37,2509.69,2516.19,283179.9714400823
2025-07-05 09:00:00+00:00,1751706000000,2516.44,2521.67,2509.67,2520.76,137312.5035181849
2025-07-05 10:00:00+00:00,1751709600000,2520.9,2521.9,2517.72,2518.44,178698.578569036
2025-07-05 11:00:00+00:00,1751713200000,2518.66,2524.62,2517.8,2517.81,211566.2755655646
2025-07-05 12:00:00+00:00,1751716800000,2517.88,2518.99,2511.66,2517.53,337969.5950850624
2025-07-05 13:00:00+00:00,1751720400000,2518.12,2520.93,2513.46,2514.43,260687.5592211347
2025-07-05 14:00:00+00:00,1751724000000,2514.56,2519.8,2511.97,2517.4,190269.9951985164
2025-07-05 15:00:00+00:00,1751727600000,2518.1,2518.85,2505.16,2506.65,300776.5050923671
2025-07-05 16:00:00+00:00,1751731200000,2507.19,2512.0,2490.01,2505.39,241973.5753575695
2025-07-05 17:00:00+00:00,1751734800000,2505.79,2511.4,2496.41,2503.83,216186.8885279197
2025-07-05 18:00:00+00:00,1751738400000,2504.2,2505.01,2492.52,2493.23,314160.5238154145
2025-07-05 19:00:00+00:00,1751742000000,2493.19,2508.1,2488.73,2506.22,295422.4032284448
2025-07-05 20:00:00+00:00,1751745600000,2506.19,2508.77,2498.65,2506.42,98705.2159078292
2025-07-05 21:00:00+00:00,1751749200000,2506.43,2518.9,2506.43,2517.09,117715.6944622335
2025-07-05 22:00:00+00:00,1751752800000,2516.43,2521.2,2513.37,2518.96,36301.1694707364
2025-07-05 23:00:00+00:00,1751756400000,2518.65,2521.9,2515.27,2516.21,113814.1050296941
2025-07-06 00:00:00+00:00,1751760000000,2516.21,2520.0,2512.5,2520.0,62242.7663308699
2025-07-06 01:00:00+00:00,1751763600000,2519.99,2519.99,2514.7,2517.37,44749.9860032106
2025-07-06 02:00:00+00:00,1751767200000,2517.37,2519.6,2513.57,2513.57,81818.2213565299
2025-07-06 03:00:00+00:00,1751770800000,2513.57,2514.95,2510.02,2514.25,21622.6844544067
2025-07-06 04:00:00+00:00,1751774400000,2514.24,2517.29,2511.2,2512.62,39043.9102255104
2025-07-06 05:00:00+00:00,1751778000000,2512.62,2512.94,2510.0,2510.28,26432.3617140768
2025-07-06 06:00:00+00:00,1751781600000,2510.91,2526.07,2510.0,2521.25,207703.3945403081
2025-07-06 07:00:00+00:00,1751785200000,2521.37,2525.07,2518.27,2518.27,110540.0326028954
2025-07-06 08:00:00+00:00,1751788800000,2518.27,2518.28,2509.01,2512.44,128409.4180183547
2025-07-06 09:00:00+00:00,1751792400000,2512.43,2516.59,2507.1,2507.1,187539.9981976275
2025-07-06 10:00:00+00:00,1751796000000,2507.1,2514.28,2504.8,2509.39,549096.953093687
2025-07-06 11:00:00+00:00,1751799600000,2509.39,2515.87,2506.77,2515.86,197856.1020256365
2025-07-06 12:00:00+00:00,1751803200000,2515.86,2521.19,2512.78,2519.66,145448.1988640747
2025-07-06 13:00:00+00:00,1751806800000,2520.13,2572.45,2517.58,2558.05,1147223.323628448
2025-07-06 14:00:00+00:00,1751810400000,2558.2,2568.9,2544.61,2559.25,816329.2456742601
2025-07-06 15:00:00+00:00,1751814000000,2559.14,2560.98,2548.57,2557.79,233365.0185121013
2025-07-06 16:00:00+00:00,1751817600000,2557.79,2560.01,2542.8,2552.35,227314.6641404658
2025-07-06 17:00:00+00:00,1751821200000,2552.35,2552.35,2543.01,2547.38,319271.6255760364
2025-07-06 18:00:00+00:00,1751824800000,2547.37,2547.37,2524.74,2531.83,385682.2935150467
2025-07-06 19:00:00+00:00,1751828400000,2531.83,2541.24,2531.82,2541.23,166276.1109442109
2025-07-06 20:00:00+00:00,1751832000000,2541.24,2550.8,2540.26,2546.38,170406.7679829051
2025-07-06 21:00:00+00:00,1751835600000,2546.39,2600.9,2546.38,2588.71,1188790.94011039
2025-07-06 22:00:00+00:00,1751839200000,2588.83,2604.48,2581.21,2581.31,657843.3989127086
2025-07-06 23:00:00+00:00,1751842800000,2582.36,2582.36,2561.09,2571.0,492674.2184183256
2025-07-07 00:00:00+00:00,1751846400000,2571.25,2574.2,2556.34,2561.25,311072.1583067112
2025-07-07 01:00:00+00:00,1751850000000,2561.25,2564.97,2550.8,2563.18,171274.7821185286
2025-07-07 02:00:00+00:00,1751853600000,2563.19,2583.0,2563.19,2575.61,216441.102594145
2025-07-07 03:00:00+00:00,1751857200000,2576.61,2588.95,2574.98,2576.98,117439.4176849228
2025-07-07 04:00:00+00:00,1751860800000,2577.32,2580.94,2570.59,2573.04,143113.275313409
2025-07-07 05:00:00+00:00,1751864400000,2573.04,2576.5,2566.6,2569.47,250300.257143843
2025-07-07 06:00:00+00:00,1751868000000,2568.99,2576.11,2563.21,2565.64,272473.545144206
2025-07-07 07:00:00+00:00,1751871600000,2565.65,2578.49,2560.81,2577.98,187565.3815550812
2025-07-07 08:00:00+00:00,1751875200000,2577.95,2587.73,2570.56,2585.28,576821.5859826866
2025-07-07 09:00:00+00:00,1751878800000,2584.62,2584.62,2565.14,2572.85,333275.8161218885
2025-07-07 10:00:00+00:00,1751882400000,2572.85,2572.85,2559.34,2559.35,575107.503143112
2025-07-07 11:00:00+00:00,1751886000000,2559.88,2566.49,2553.5,2563.31,389820.8495281678
2025-07-07 12:00:00+00:00,1751889600000,2563.33,2564.47,2542.88,2548.86,394003.0750784271
2025-07-07 13:00:00+00:00,1751893200000,2549.05,2568.82,2535.65,2564.59,865327.8709064594
2025-07-07 14:00:00+00:00,1751896800000,2565.24,2569.6,2530.9,2531.56,1082945.6100251514
2025-07-07 15:00:00+00:00,1751900400000,2532.17,2543.92,2530.0,2534.13,528346.5717273974
2025-07-07 16:00:00+00:00,1751904000000,2533.87,2542.0,2514.53,2524.77,1168151.7691208804
2025-07-07 17:00:00+00:00,1751907600000,2524.76,2551.73,2517.82,2534.07,737399.448334402
2025-07-07 18:00:00+00:00,1751911200000,2533.75,2546.31,2522.0,2545.37,618538.9444398421
2025-07-07 19:00:00+00:00,1751914800000,2545.11,2555.0,2540.9,2544.27,400063.8863890608
2025-07-07 20:00:00+00:00,1751918400000,2544.26,2544.4,2531.11,2533.89,459539.7731103292
2025-07-07 21:00:00+00:00,1751922000000,2533.89,2541.91,2523.73,2539.42,291258.5916599353
2025-07-07 22:00:00+00:00,1751925600000,2539.79,2542.1,2528.83,2535.84,187769.1955458021
2025-07-07 23:00:00+00:00,1751929200000,2535.84,2545.56,2535.84,2543.36,169786.283943743
2025-07-08 00:00:00+00:00,1751932800000,2543.15,2553.6,2538.04,2540.81,311396.1454320969
2025-07-08 01:00:00+00:00,1751936400000,2540.36,2540.36,2527.45,2527.45,181042.349892782
2025-07-08 02:00:00+00:00,1751940000000,2527.46,2537.39,2523.58,2529.02,621203.205467288
2025-07-08 03:00:00+00:00,1751943600000,2529.26,2539.18,2529.26,2538.45,175948.637979487
2025-07-08 04:00:00+00:00,1751947200000,2538.44,2544.4,2533.21,2543.69,213481.383718268
2025-07-08 05:00:00+00:00,1751950800000,2543.89,2551.29,2542.81,2551.21,87150.7986331932
2025-07-08 06:00:00+00:00,1751954400000,2550.73,2562.0,2550.23,2558.34,898813.5544523514
2025-07-08 07:00:00+00:00,1751958000000,2558.13,2558.34,2547.01,2551.98,384812.8600164678
2025-07-08 08:00:00+00:00,1751961600000,2551.98,2560.5,2546.26,2546.36,606408.2570800055
2025-07-08 09:00:00+00:00,1751965200000,2546.36,2554.91,2542.89,2551.75,540413.0606226705
2025-07-08 10:00:00+00:00,1751968800000,2551.76,2566.29,2550.02,2565.29,1099118.9434414937
2025-07-08 11:00:00+00:00,1751972400000,2564.96,2584.99,2563.58,2574.75,632643.3700428288
2025-07-08 12:00:00+00:00,1751976000000,2574.73,2583.63,2567.86,2582.49,849312.0731252291
2025-07-08 13:00:00+00:00,1751979600000,2581.96,2599.0,2570.73,2588.9,902368.6504376068
2025-07-08 14:00:00+00:00,1751983200000,2587.39,2587.68,2558.99,2564.59,686151.3642251468
2025-07-08 15:00:00+00:00,1751986800000,2563.5,2569.7,2558.89,2563.78,501127.1618961184
2025-07-08 16:00:00+00:00,1751990400000,2564.3,2580.55,2558.78,2576.41,621765.3954019264
2025-07-08 17:00:00+00:00,1751994000000,2575.84,2626.15,2574.75,2615.8,2621841.741667758
2025-07-08 18:00:00+00:00,1751997600000,2616.41,2624.4,2611.42,2624.05,822771.4031434504
2025-07-08 19:00:00+00:00,1752001200000,2623.89,2623.89,2601.0,2609.75,724602.3607692709
2025-07-08 20:00:00+00:00,1752004800000,2609.75,2614.18,2598.0,2598.0,423017.4697279026
2025-07-08 21:00:00+00:00,1752008400000,2598.0,2612.2,2596.69,2608.77,492377.6701426792
2025-07-08 22:00:00+00:00,1752012000000,2609.11,2612.19,2602.44,2609.84,191319.9580236567
2025-07-08 23:00:00+00:00,1752015600000,2610.02,2617.09,2606.89,2614.96,377806.8465338622
2025-07-09 00:00:00+00:00,1752019200000,2614.96,2614.98,2602.78,2612.74,274975.3302874332
2025-07-09 01:00:00+00:00,1752022800000,2612.74,2625.99,2600.04,2604.32,519311.0930933143
2025-07-09 02:00:00+00:00,1752026400000,2604.51,2609.39,2601.64,2602.58,100642.6194584619
2025-07-09 03:00:00+00:00,1752030000000,2602.59,2606.83,2590.4,2591.15,212402.4432051353
2025-07-09 04:00:00+00:00,1752033600000,2591.51,2603.7,2591.11,2603.7,562129.4236634593
2025-07-09 05:00:00+00:00,1752037200000,2602.72,2644.0,2601.59,2627.93,1393918.1134870807
2025-07-09 06:00:00+00:00,1752040800000,2627.93,2633.6,2617.71,2630.75,643253.2511982301
2025-07-09 07:00:00+00:00,1752044400000,2630.75,2634.85,2621.51,2623.96,689903.5644182352
2025-07-09 08:00:00+00:00,1752048000000,2623.95,2625.0,2610.89,2611.5,943914.1630662053
2025-07-09 09:00:00+00:00,1752051600000,2611.68,2613.83,2605.18,2610.9,334305.0161341715
2025-07-09 10:00:00+00:00,1752055200000,2610.78,2619.8,2606.7,2616.84,551403.9475951823
2025-07-09 11:00:00+00:00,1752058800000,2616.84,2630.0,2616.43,2624.87,986065.9954597397
2025-07-09 12:00:00+00:00,1752062400000,2626.27,2665.2,2624.52,2660.25,2122538.476322533
2025-07-09 13:00:00+00:00,1752066000000,2659.5,2673.69,2652.7,2654.0,1224705.3206683362
2025-07-09 14:00:00+00:00,1752069600000,2653.68,2669.9,2626.28,2642.23,1404561.4381396105
2025-07-09 15:00:00+00:00,1752073200000,2642.22,2656.6,2642.08,2655.65,359109.0427496419
2025-07-09 16:00:00+00:00,1752076800000,2656.59,2667.71,2652.67,2666.53,808835.745675045
2025-07-09 17:00:00+00:00,1752080400000,2666.52,2667.71,2653.29,2661.46,651193.2784304837
2025-07-09 18:00:00+00:00,1752084000000,2661.47,2721.35,2661.26,2717.57,3932717.5294620506
2025-07-09 19:00:00+00:00,1752087600000,2717.97,2795.0,2712.17,2764.19,4450996.109015588
2025-07-09 20:00:00+00:00,1752091200000,2764.19,2765.75,2731.18,2737.47,2131761.899748355
2025-07-09 21:00:00+00:00,1752094800000,2737.47,2757.0,2735.13,2753.58,1355846.5247844646
2025-07-09 22:00:00+00:00,1752098400000,2753.59,2782.36,2753.59,2779.15,1549657.991789639
2025-07-09 23:00:00+00:00,1752102000000,2779.58,2781.87,2766.67,2768.37,667643.2043414103
2025-07-10 00:00:00+00:00,1752105600000,2768.96,2773.79,2757.0,2757.01,466399.9012653809
2025-07-10 01:00:00+00:00,1752109200000,2757.01,2778.62,2755.37,2773.88,394292.0408169054
2025-07-10 02:00:00+00:00,1752112800000,2774.39,2797.07,2773.63,2783.92,650748.890596089
2025-07-10 03:00:00+00:00,1752116400000,2783.33,2788.95,2770.19,2774.99,388076.6926157128
2025-07-10 04:00:00+00:00,1752120000000,2774.39,2779.81,2765.61,2778.54,420828.3109205467
2025-07-10 05:00:00+00:00,1752123600000,2777.92,2784.52,2772.66,2781.41,305946.9807553497
2025-07-10 06:00:00+00:00,1752127200000,2781.7,2797.07,2780.01,2794.52,579823.2825987805
2025-07-10 07:00:00+00:00,1752130800000,2794.47,2822.5,2787.75,2791.17,1824097.6307317012
2025-07-10 08:00:00+00:00,1752134400000,2791.11,2795.83,2783.22,2787.84,1266849.0637439005
2025-07-10 09:00:00+00:00,1752138000000,2787.85,2788.89,2774.77,2777.1,611717.8241068989
2025-07-10 10:00:00+00:00,1752141600000,2777.11,2785.0,2772.72,2784.11,1177779.4248254157
2025-07-10 11:00:00+00:00,1752145200000,2784.1,2784.1,2773.05,2778.49,600492.528696155
2025-07-10 12:00:00+00:00,1752148800000,2778.23,2779.0,2766.84,2778.09,1332855.8360806224
2025-07-10 13:00:00+00:00,1752152400000,2778.09,2794.18,2771.79,2783.09,1024492.812210591
2025-07-10 14:00:00+00:00,1752156000000,2783.1,2792.26,2758.6,2775.76,2048129.5136798944
2025-07-10 15:00:00+00:00,1752159600000,2775.55,2778.87,2758.98,2767.79,516915.28551597
2025-07-10 16:00:00+00:00,1752163200000,2767.79,2811.33,2767.79,2807.3,2851385.872924871
2025-07-10 17:00:00+00:00,1752166800000,2807.31,2834.2,2801.5,2830.65,2081911.9535668604
2025-07-10 18:00:00+00:00,1752170400000,2830.64,2839.1,2795.18,2810.75,1673826.4135462542
2025-07-10 19:00:00+00:00,1752174000000,2810.74,2821.83,2806.26,2816.61,814853.0916497244
2025-07-10 20:00:00+00:00,1752177600000,2816.61,2825.0,2813.74,2819.9,599161.1702098214
2025-07-10 21:00:00+00:00,1752181200000,2818.72,3000.17,2817.12,2971.69,9764351.01261684
2025-07-10 22:00:00+00:00,1752184800000,2971.25,2976.45,2950.67,2972.65,2276984.6865578885
2025-07-10 23:00:00+00:00,1752188400000,2972.65,2972.65,2934.08,2951.04,2938004.564365761
2025-07-11 00:00:00+00:00,1752192000000,2949.18,2955.67,2913.73,2937.36,1736602.4019682696
2025-07-11 01:00:00+00:00,1752195600000,2937.13,2955.25,2932.95,2953.27,568128.8869683176
2025-07-11 02:00:00+00:00,1752199200000,2953.27,2967.27,2950.95,2963.75,1447195.704813884
2025-07-11 03:00:00+00:00,1752202800000,2963.74,2973.92,2956.13,2969.18,1439796.6504003413
2025-07-11 04:00:00+00:00,1752206400000,2967.65,2970.63,2946.07,2969.05,826363.1734831879
2025-07-11 05:00:00+00:00,1752210000000,2969.05,3030.57,2967.2,3004.24,3421677.674898586
2025-07-11 06:00:00+00:00,1752213600000,3004.24,3024.63,2986.77,2988.53,2210500.792421602
2025-07-11 07:00:00+00:00,1752217200000,2987.46,3002.5,2967.71,2969.57,1829225.4705285337
2025-07-11 08:00:00+00:00,1752220800000,2968.0,3008.89,2958.11,3002.42,1573522.460643901
2025-07-11 09:00:00+00:00,1752224400000,3002.42,3039.11,2996.11,3014.31,2271793.833632648
2025-07-11 10:00:00+00:00,1752228000000,3014.74,3014.74,2991.77,3002.41,1274649.1923168355
2025-07-11 11:00:00+00:00,1752231600000,3002.49,3004.63,2968.44,2984.74,1518381.9617351906
2025-07-11 12:00:00+00:00,1752235200000,2984.96,2992.84,2967.34,2985.38,1493814.2957723362
2025-07-11 13:00:00+00:00,1752238800000,2985.37,3008.08,2975.01,3002.72,1449170.6446275704
2025-07-11 14:00:00+00:00,1752242400000,3001.6,3006.71,2979.23,2987.62,1616229.475751229
2025-07-11 15:00:00+00:00,1752246000000,2987.46,2996.1,2940.0,2946.71,1789989.0571108365
2025-07-11 16:00:00+00:00,1752249600000,2946.71,2970.64,2937.28,2967.36,2537542.015947508
2025-07-11 17:00:00+00:00,1752253200000,2967.36,2999.0,2963.61,2991.49,2082279.0754953404
2025-07-11 18:00:00+00:00,1752256800000,2991.49,2997.94,2983.89,2994.36,901622.6370564508
2025-07-11 19:00:00+00:00,1752260400000,2994.37,3010.0,2978.37,3006.82,1496981.4840778897
2025-07-11 20:00:00+00:00,1752264000000,3006.81,3009.68,2973.74,2975.09,801120.0111819163
2025-07-11 21:00:00+00:00,1752267600000,2975.1,2995.55,2957.15,2966.49,832559.0657429664
2025-07-11 22:00:00+00:00,1752271200000,2965.82,2969.54,2923.23,2950.12,1571496.7501663207
2025-07-11 23:00:00+00:00,1752274800000,2950.13,2960.0,2948.56,2957.66,194748.2478374769
2025-07-12 00:00:00+00:00,1752278400000,2957.4,2965.0,2933.13,2951.1,628335.7237353078
2025-07-12 01:00:00+00:00,1752282000000,2951.11,2966.22,2951.1,2958.33,398488.9550171534
2025-07-12 02:00:00+00:00,1752285600000,2958.32,2970.86,2954.15,2956.38,320918.2937586028
2025-07-12 03:00:00+00:00,1752289200000,2955.52,2967.45,2954.9,2964.69,196707.7826227743
2025-07-12 04:00:00+00:00,1752292800000,2964.68,2967.73,2941.69,2950.68,705055.2292189435
2025-07-12 05:00:00+00:00,1752296400000,2950.69,2957.44,2943.24,2952.8,388893.9703514322
2025-07-12 06:00:00+00:00,1752300000000,2952.8,2963.18,2945.49,2959.43,610748.2163028443
2025-07-12 07:00:00+00:00,1752303600000,2959.43,2979.91,2958.93,2962.69,899162.8157676102
2025-07-12 08:00:00+00:00,1752307200000,2962.69,2969.26,2958.28,2966.05,470410.5786544256
2025-07-12 09:00:00+00:00,1752310800000,2965.82,2975.83,2962.78,2973.75,461540.1236404614
2025-07-12 10:00:00+00:00,1752314400000,2973.55,2979.08,2967.99,2975.8,351218.5385754603
2025-07-12 11:00:00+00:00,1752318000000,2975.8,2978.86,2961.07,2962.16,327244.9677574147
2025-07-12 12:00:00+00:00,1752321600000,2962.51,2967.15,2917.74,2943.06,1200845.2481098857
2025-07-12 13:00:00+00:00,1752325200000,2943.06,2943.06,2918.24,2937.81,1267946.6717039247
2025-07-12 14:00:00+00:00,1752328800000,2938.78,2950.2,2924.23,2927.86,804935.1302527399
2025-07-12 15:00:00+00:00,1752332400000,2927.78,2931.14,2900.33,2914.55,1677933.7743806117
2025-07-12 16:00:00+00:00,1752336000000,2914.54,2934.17,2910.5,2923.43,797493.281852363
2025-07-12 17:00:00+00:00,1752339600000,2923.44,2942.0,2922.17,2941.21,599730.5889382721
2025-07-12 18:00:00+00:00,1752343200000,2940.67,2943.54,2935.11,2941.55,341109.5397874793
2025-07-12 19:00:00+00:00,1752346800000,2942.13,2943.9,2935.11,2939.62,233521.8008915422
2025-07-12 20:00:00+00:00,1752350400000,2939.63,2941.49,2917.04,2917.05,337599.0784480647
2025-07-12 21:00:00+00:00,1752354000000,2916.46,2942.72,2915.05,2938.42,390157.0101896927
2025-07-12 22:00:00+00:00,1752357600000,2938.43,2942.47,2925.16,2937.26,248944.6830166061
2025-07-12 23:00:00+00:00,1752361200000,2937.26,2947.0,2930.4,2942.46,368900.5820480604
2025-07-13 00:00:00+00:00,1752364800000,2942.47,2950.0,2936.4,2944.2,124341.1317615938
2025-07-13 01:00:00+00:00,1752368400000,2944.2,2952.86,2938.56,2950.37,387572.9978466322
2025-07-13 02:00:00+00:00,1752372000000,2949.56,2960.0,2938.63,2953.62,206888.8666683847
2025-07-13 03:00:00+00:00,1752375600000,2953.62,2957.64,2948.6,2954.17,84079.1308965713
2025-07-13 04:00:00+00:00,1752379200000,2955.01,2958.0,2951.16,2958.0,110765.8205497331
2025-07-13 05:00:00+00:00,1752382800000,2957.99,2963.0,2949.61,2950.49,511773.4828439651
2025-07-13 06:00:00+00:00,1752386400000,2949.78,2968.0,2949.69,2959.77,342484.9993812999
2025-07-13 07:00:00+00:00,1752390000000,2959.78,2965.0,2955.96,2962.43,483289.9522815284
2025-07-13 08:00:00+00:00,1752393600000,2962.81,2962.82,2951.91,2954.99,318194.0903344445
2025-07-13 09:00:00+00:00,1752397200000,2954.98,2957.56,2943.79,2947.68,374558.9331063561
2025-07-13 10:00:00+00:00,1752400800000,2947.68,2955.8,2945.37,2948.03,535547.8110146656
2025-07-13 11:00:00+00:00,1752404400000,2948.04,2964.75,2948.03,2964.08,656620.4265977156
2025-07-13 12:00:00+00:00,1752408000000,2963.53,2992.55,2959.1,2985.8,882906.9843001498
2025-07-13 13:00:00+00:00,1752411600000,2985.99,2995.25,2974.76,2989.35,768965.2334183858
2025-07-13 14:00:00+00:00,1752415200000,2989.43,3019.0,2978.86,2987.19,2074504.6175459558
2025-07-13 15:00:00+00:00,1752418800000,2987.31,3004.58,2985.0,2993.17,544335.2829245204
2025-07-13 16:00:00+00:00,1752422400000,2992.68,2999.4,2973.32,2975.82,417656.9904011002
2025-07-13 17:00:00+00:00,1752426000000,2975.3,2995.8,2962.81,2991.02,571170.9884161433
2025-07-13 18:00:00+00:00,1752429600000,2991.81,3001.2,2986.4,2994.1,424901.068659845
2025-07-13 19:00:00+00:00,1752433200000,2994.09,3009.99,2988.64,2989.02,758935.3496149309
2025-07-13 20:00:00+00:00,1752436800000,2989.75,2997.73,2977.99,2991.91,533655.7403157942
2025-07-13 21:00:00+00:00,1752440400000,2991.9,2991.9,2940.22,2963.51,1136912.581205689
2025-07-13 22:00:00+00:00,1752444000000,2962.51,2968.89,2946.61,2959.26,467736.1998005411
2025-07-13 23:00:00+00:00,1752447600000,2959.26,2978.56,2953.52,2971.59,271035.7002393463
2025-07-14 00:00:00+00:00,1752451200000,2971.88,2986.97,2967.44,2975.0,308907.3417654096
2025-07-14 01:00:00+00:00,1752454800000,2974.99,2978.22,2963.18,2974.36,151329.4030525203
2025-07-14 02:00:00+00:00,1752458400000,2974.98,3015.0,2972.47,2998.76,887986.9181323927
2025-07-14 03:00:00+00:00,1752462000000,2999.43,3050.0,2996.59,3037.15,1894247.6316355804
2025-07-14 04:00:00+00:00,1752465600000,3037.68,3060.0,3028.3,3053.41,1247696.0727472028
2025-07-14 05:00:00+00:00,1752469200000,3052.52,3065.0,3017.92,3040.0,2332497.0631699073
2025-07-14 06:00:00+00:00,1752472800000,3039.95,3044.1,3020.51,3023.77,861821.6279146528
2025-07-14 07:00:00+00:00,1752476400000,3023.43,3052.13,3022.36,3043.63,1072085.1153838953
2025-07-14 08:00:00+00:00,1752480000000,3043.8,3043.81,3022.64,3039.78,941308.1606367786
2025-07-14 09:00:00+00:00,1752483600000,3038.89,3077.73,3035.56,3045.67,1896722.6882640284
2025-07-14 10:00:00+00:00,1752487200000,3045.13,3078.37,3029.53,3066.06,2489024.7600598154
2025-07-14 11:00:00+00:00,1752490800000,3065.43,3080.0,3051.29,3052.75,1738336.5344887318
2025-07-14 12:00:00+00:00,1752494400000,3050.97,3056.0,3034.54,3051.04,1239787.4165524277
2025-07-14 13:00:00+00:00,1752498000000,3051.04,3064.15,3031.28,3056.77,734922.9877947946
2025-07-14 14:00:00+00:00,1752501600000,3056.39,3066.17,3018.22,3028.77,1961881.0771970553
2025-07-14 15:00:00+00:00,1752505200000,3028.77,3034.04,2993.6,3011.79,2038527.6128366948
2025-07-14 16:00:00+00:00,1752508800000,3011.55,3028.65,3001.26,3025.78,1439832.8332667763
2025-07-14 17:00:00+00:00,1752512400000,3025.77,3025.77,3003.9,3008.06,776758.7124964886
2025-07-14 18:00:00+00:00,1752516000000,3008.93,3012.4,2981.8,2988.79,880955.9369596427
2025-07-14 19:00:00+00:00,1752519600000,2988.79,3002.41,2986.0,2999.63,583298.955961513
2025-07-14 20:00:00+00:00,1752523200000,2999.62,3010.91,2982.01,3003.94,936826.5046559094
2025-07-14 21:00:00+00:00,1752526800000,3003.93,3017.45,3000.77,3010.72,587289.2457891522
2025-07-14 22:00:00+00:00,1752530400000,3010.71,3018.55,3004.31,3013.86,450733.4757862336
2025-07-14 23:00:00+00:00,1752534000000,3013.86,3014.91,3005.3,3014.9,268226.0018030012
2025-07-15 00:00:00+00:00,1752537600000,3012.85,3022.41,2988.0,2992.05,544803.717720093
2025-07-15 01:00:00+00:00,1752541200000,2992.06,2999.32,2964.43,2976.67,834085.3730516001
2025-07-15 02:00:00+00:00,1752544800000,2976.56,2986.44,2954.89,2974.54,730068.8685689254
2025-07-15 03:00:00+00:00,1752548400000,2973.18,2973.39,2931.36,2951.45,1292563.9986768933
2025-07-15 04:00:00+00:00,1752552000000,2950.37,2972.33,2935.01,2968.11,1158167.7454225768
2025-07-15 05:00:00+00:00,1752555600000,2968.1,2974.14,2962.49,2973.87,517690.7454466299
2025-07-15 06:00:00+00:00,1752559200000,2973.84,2991.76,2969.47,2984.37,1051548.2936964887
2025-07-15 07:00:00+00:00,1752562800000,2985.97,2994.16,2972.89,2976.73,780308.224070833
2025-07-15 08:00:00+00:00,1752566400000,2977.09,2983.31,2959.65,2974.14,778483.766718414
2025-07-15 09:00:00+00:00,1752570000000,2974.23,2988.4,2969.79,2972.45,400293.4076100259
2025-07-15 10:00:00+00:00,1752573600000,2972.46,2978.83,2967.18,2974.35,426476.4099378757
2025-07-15 11:00:00+00:00,1752577200000,2974.8,2981.89,2962.63,2981.12,464399.6714727437
2025-07-15 12:00:00+00:00,1752580800000,2981.11,3013.63,2965.75,3000.01,1630361.6504297422
2025-07-15 13:00:00+00:00,1752584400000,3000.84,3065.85,3000.51,3051.4,2968605.0631171386
2025-07-15 14:00:00+00:00,1752588000000,3051.94,3063.64,2966.76,2975.71,2258875.290948587
2025-07-15 15:00:00+00:00,1752591600000,2977.78,3045.69,2969.33,3036.26,1269800.0659901346
2025-07-15 16:00:00+00:00,1752595200000,3038.99,3065.95,3033.61,3047.62,1890751.541634672
2025-07-15 17:00:00+00:00,1752598800000,3047.63,3096.08,3036.79,3095.88,1781210.4501273069
2025-07-15 18:00:00+00:00,1752602400000,3095.88,3097.0,3040.93,3066.53,2042504.4808105773
2025-07-15 19:00:00+00:00,1752606000000,3066.52,3084.51,3034.13,3041.25,1225129.452051605
2025-07-15 20:00:00+00:00,1752609600000,3040.04,3052.02,3030.05,3041.56,853273.2266248276
2025-07-15 21:00:00+00:00,1752613200000,3041.45,3084.51,3041.45,3079.63,730627.7249984446
2025-07-15 22:00:00+00:00,1752616800000,3080.67,3093.61,3068.35,3093.61,574190.1126926108
2025-07-15 23:00:00+00:00,1752620400000,3093.61,3143.61,3093.61,3139.44,2110124.3942585
2025-07-16 00:00:00+00:00,1752624000000,3138.51,3150.0,3116.93,3141.85,1768902.8646895846
2025-07-16 01:00:00+00:00,1752627600000,3141.86,3150.0,3131.27,3139.03,397718.6782972615
2025-07-16 02:00:00+00:00,1752631200000,3139.62,3141.67,3105.64,3115.57,591860.2133475948
2025-07-16 03:00:00+00:00,1752634800000,3115.57,3120.54,3102.93,3115.55,586625.8004234303
2025-07-16 04:00:00+00:00,1752638400000,3116.07,3131.44,3100.29,3129.2,494524.0476664387
2025-07-16 05:00:00+00:00,1752642000000,3129.2,3151.5,3129.15,3143.12,1070119.9390758362
2025-07-16 06:00:00+00:00,1752645600000,3144.25,3165.07,3132.19,3164.65,1075961.8153957378
2025-07-16 07:00:00+00:00,1752649200000,3165.03,3174.32,3153.59,3161.72,1066798.79870227
2025-07-16 08:00:00+00:00,1752652800000,3161.72,3171.89,3158.51,3163.14,793581.555064755
2025-07-16 09:00:00+00:00,1752656400000,3163.15,3170.61,3148.18,3161.82,1072826.5782294488
2025-07-16 10:00:00+00:00,1752660000000,3161.82,3162.77,3144.27,3144.46,641888.2960726453
2025-07-16 11:00:00+00:00,1752663600000,3143.97,3157.69,3143.84,3150.48,685496.1381444371
2025-07-16 12:00:00+00:00,1752667200000,3150.48,3179.05,3147.59,3165.99,555603.4012939335
2025-07-16 13:00:00+00:00,1752670800000,3164.95,3197.07,3160.48,3196.11,2003306.201335295
2025-07-16 14:00:00+00:00,1752674400000,3196.73,3272.41,3179.65,3250.65,4080188.7077985806
2025-07-16 15:00:00+00:00,1752678000000,3251.09,3262.73,3207.56,3244.26,2069315.252557287
2025-07-16 16:00:00+00:00,1752681600000,3244.26,3293.0,3235.81,3285.71,1985864.3184785594
2025-07-16 17:00:00+00:00,1752685200000,3284.84,3322.41,3275.0,3317.09,2866022.5519536575
2025-07-16 18:00:00+00:00,1752688800000,3317.09,3370.0,3314.96,3335.01,4348326.019472038
2025-07-16 19:00:00+00:00,1752692400000,3335.68,3384.01,3334.83,3381.44,2691743.82221484
2025-07-16 20:00:00+00:00,1752696000000,3382.0,3423.47,3365.0,3379.42,5800566.388588697
2025-07-16 21:00:00+00:00,1752699600000,3382.68,3398.91,3346.0,3371.79,2257366.646779079
2025-07-16 22:00:00+00:00,1752703200000,3373.58,3388.34,3349.11,3361.92,1584809.6752997404
2025-07-16 23:00:00+00:00,1752706800000,3361.92,3375.4,3345.59,3370.27,942656.5401552625
2025-07-17 00:00:00+00:00,1752710400000,3370.28,3399.8,3367.22,3377.56,950234.5663821457
2025-07-17 01:00:00+00:00,1752714000000,3377.02,3395.34,3312.09,3337.74,2024150.6781326013
2025-07-17 02:00:00+00:00,1752717600000,3337.74,3360.91,3334.29,3347.12,764724.4549117215
2025-07-17 03:00:00+00:00,1752721200000,3347.65,3349.15,3312.24,3330.15,882778.3910138194
2025-07-17 04:00:00+00:00,1752724800000,3329.49,3351.34,3320.24,3349.72,737253.2654128103
2025-07-17 05:00:00+00:00,1752728400000,3347.92,3376.9,3337.56,3372.59,592512.8279208882
2025-07-17 06:00:00+00:00,1752732000000,3372.05,3449.0,3365.27,3443.85,3085499.659273546
2025-07-17 07:00:00+00:00,1752735600000,3443.83,3467.99,3408.11,3448.59,2512461.912976554
2025-07-17 08:00:00+00:00,1752739200000,3448.34,3449.49,3426.18,3448.28,1795856.2969502874
2025-07-17 09:00:00+00:00,1752742800000,3446.36,3477.89,3439.63,3466.23,2269379.891469506
2025-07-17 10:00:00+00:00,1752746400000,3466.22,3478.68,3450.01,3456.93,1814343.674021013
2025-07-17 11:00:00+00:00,1752750000000,3456.94,3459.14,3430.0,3434.11,1464484.1090938055
2025-07-17 12:00:00+00:00,1752753600000,3435.24,3440.4,3411.26,3426.04,1341919.6244646958
2025-07-17 13:00:00+00:00,1752757200000,3425.0,3432.77,3362.44,3401.13,2156275.9048995036
2025-07-17 14:00:00+00:00,1752760800000,3401.14,3435.0,3401.14,3425.22,975187.4063891418
2025-07-17 15:00:00+00:00,1752764400000,3426.35,3432.48,3390.0,3420.21,1361972.0028140307
2025-07-17 16:00:00+00:00,1752768000000,3421.48,3426.95,3366.71,3394.52,1969181.3144577665
2025-07-17 17:00:00+00:00,1752771600000,3394.96,3427.98,3389.64,3423.71,1386570.7290395312
2025-07-17 18:00:00+00:00,1752775200000,3423.71,3441.69,3417.92,3426.69,1112502.9831224768
2025-07-17 19:00:00+00:00,1752778800000,3426.53,3454.89,3405.0,3410.73,1854675.2030989921
2025-07-17 20:00:00+00:00,1752782400000,3411.85,3419.28,3372.0,3419.28,1350729.7051635482
2025-07-17 21:00:00+00:00,1752786000000,3420.0,3500.34,3417.19,3467.47,3773846.1991244853
2025-07-17 22:00:00+00:00,1752789600000,3468.4,3493.5,3451.88,3466.34,1091199.2403873028
2025-07-17 23:00:00+00:00,1752793200000,3466.34,3525.0,3461.95,3476.07,2200262.3434790545
2025-07-18 00:00:00+00:00,1752796800000,3476.08,3539.84,3460.0,3537.73,1606946.3864302877
2025-07-18 01:00:00+00:00,1752800400000,3537.74,3629.07,3525.07,3611.57,4341689.916767314
2025-07-18 02:00:00+00:00,1752804000000,3611.83,3627.12,3587.4,3603.0,2466147.663430534
2025-07-18 03:00:00+00:00,1752807600000,3602.19,3609.0,3584.5,3594.51,1272571.53758257
2025-07-18 04:00:00+00:00,1752811200000,3595.51,3620.0,3577.63,3619.76,1649529.1696823468
2025-07-18 05:00:00+00:00,1752814800000,3619.76,3673.71,3615.92,3669.07,2649923.5524605904
2025-07-18 06:00:00+00:00,1752818400000,3669.47,3669.8,3639.45,3651.4,1541036.2407949313
2025-07-18 07:00:00+00:00,1752822000000,3651.4,3668.17,3604.03,3604.76,2602683.9521160345
2025-07-18 08:00:00+00:00,1752825600000,3604.39,3628.11,3580.01,3604.11,2401150.4521552157
2025-07-18 09:00:00+00:00,1752829200000,3604.11,3624.97,3592.75,3620.56,1573821.7179566587
2025-07-18 10:00:00+00:00,1752832800000,3620.56,3623.66,3602.43,3618.77,1029892.1225636787
2025-07-18 11:00:00+00:00,1752836400000,3618.17,3625.54,3590.0,3610.62,1412957.4295592785
2025-07-18 12:00:00+00:00,1752840000000,3611.13,3638.61,3592.0,3638.61,1174501.5453310779
2025-07-18 13:00:00+00:00,1752843600000,3638.25,3656.63,3610.0,3639.55,1962339.1491987472
2025-07-18 14:00:00+00:00,1752847200000,3639.81,3670.38,3556.34,3584.83,3877270.019384951
2025-07-18 15:00:00+00:00,1752850800000,3584.68,3588.54,3530.16,3563.89,2127746.173299667
2025-07-18 16:00:00+00:00,1752854400000,3563.11,3587.18,3549.31,3571.3,1549677.5164256056
2025-07-18 17:00:00+00:00,1752858000000,3573.04,3622.63,3567.18,3599.85,1040257.0754256092
2025-07-18 18:00:00+00:00,1752861600000,3599.68,3605.53,3562.52,3571.9,876360.8360076466
2025-07-18 19:00:00+00:00,1752865200000,3571.08,3582.31,3536.95,3550.53,1779766.862968589
2025-07-18 20:00:00+00:00,1752868800000,3550.52,3553.97,3477.4,3516.58,3560500.4461474093
2025-07-18 21:00:00+00:00,1752872400000,3516.58,3570.0,3514.34,3555.32,1770073.916146935
2025-07-18 22:00:00+00:00,1752876000000,3554.61,3576.54,3532.11,3535.56,983861.9314884885
2025-07-18 23:00:00+00:00,1752879600000,3538.38,3549.9,3506.33,3545.95,583902.4694094617
2025-07-19 00:00:00+00:00,1752883200000,3545.95,3564.42,3523.05,3523.05,439582.3714522583
2025-07-19 01:00:00+00:00,1752886800000,3523.05,3551.91,3507.14,3544.34,557420.8770444777
2025-07-19 02:00:00+00:00,1752890400000,3545.91,3575.77,3533.65,3568.59,796651.612851166
2025-07-19 03:00:00+00:00,1752894000000,3568.88,3596.99,3563.13,3592.82,896543.6929225319
2025-07-19 04:00:00+00:00,1752897600000,3592.46,3606.32,3580.0,3588.83,982729.711474865
2025-07-19 05:00:00+00:00,1752901200000,3588.84,3594.6,3574.46,3585.97,587095.6632140009
2025-07-19 06:00:00+00:00,1752904800000,3585.96,3585.96,3566.93,3568.92,632500.7710233323
2025-07-19 07:00:00+00:00,1752908400000,3569.98,3589.2,3567.99,3571.37,837316.5568845053
2025-07-19 08:00:00+00:00,1752912000000,3571.36,3577.99,3547.24,3553.61,934871.3187171589
2025-07-19 09:00:00+00:00,1752915600000,3553.61,3567.93,3549.17,3556.17,771713.5675818796
2025-07-19 10:00:00+00:00,1752919200000,3557.86,3567.32,3550.19,3557.21,851869.1484066803
2025-07-19 11:00:00+00:00,1752922800000,3555.79,3576.1,3538.94,3552.33,1460090.3796488342
2025-07-19 12:00:00+00:00,1752926400000,3552.33,3564.82,3537.98,3560.64,482917.5586691849
2025-07-19 13:00:00+00:00,1752930000000,3560.95,3570.0,3550.01,3557.81,755098.6992821036
2025-07-19 14:00:00+00:00,1752933600000,3557.81,3559.5,3526.58,3530.35,1453365.442374357
2025-07-19 15:00:00+00:00,1752937200000,3530.78,3561.8,3530.78,3552.01,1374028.502752636
2025-07-19 16:00:00+00:00,1752940800000,3552.0,3569.29,3534.95,3559.06,842814.2129305092
2025-07-19 17:00:00+00:00,1752944400000,3559.07,3559.07,3535.0,3542.66,715158.059377108
2025-07-19 18:00:00+00:00,1752948000000,3540.39,3561.46,3540.39,3550.63,650508.279404117
2025-07-19 19:00:00+00:00,1752951600000,3551.72,3580.0,3542.18,3576.8,990089.193951026
2025-07-19 20:00:00+00:00,1752955200000,3577.35,3593.04,3564.92,3566.66,1399917.6007991727
2025-07-19 21:00:00+00:00,1752958800000,3565.12,3573.53,3540.0,3571.81,579947.8661978362
2025-07-19 22:00:00+00:00,1752962400000,3571.81,3589.89,3562.89,3576.97,670800.3119701447
2025-07-19 23:00:00+00:00,1752966000000,3576.98,3598.0,3575.2,3592.24,254025.539477793
2025-07-20 00:00:00+00:00,1752969600000,3592.24,3595.62,3578.56,3591.22,301447.2852216157
2025-07-20 01:00:00+00:00,1752973200000,3591.23,3624.99,3589.42,3605.54,683951.7934657361
2025-07-20 02:00:00+00:00,1752976800000,3605.53,3623.41,3597.0,3615.88,506213.9316879739
2025-07-20 03:00:00+00:00,1752980400000,3615.88,3692.99,3608.41,3657.36,2017692.5376394668
2025-07-20 04:00:00+00:00,1752984000000,3657.36,3665.32,3630.0,3653.15,993349.7921491418
2025-07-20 05:00:00+00:00,1752987600000,3654.86,3662.0,3635.78,3646.76,1101667.094091352
2025-07-20 06:00:00+00:00,1752991200000,3646.77,3660.0,3639.09,3651.28,815907.1755325331
2025-07-20 07:00:00+00:00,1752994800000,3653.27,3688.1,3653.26,3667.31,1508695.6107987773
2025-07-20 08:00:00+00:00,1752998400000,3668.58,3714.0,3668.58,3710.0,2863693.9046242884
2025-07-20 09:00:00+00:00,1753002000000,3709.78,3723.82,3695.45,3708.97,2966118.1940076
2025-07-20 10:00:00+00:00,1753005600000,3705.87,3713.55,3696.64,3698.89,1272522.6997018477
2025-07-20 11:00:00+00:00,1753009200000,3698.89,3766.36,3695.26,3755.16,3137303.2155900584
2025-07-20 12:00:00+00:00,1753012800000,3755.16,3756.52,3724.07,3746.48,1949408.8485600615
2025-07-20 13:00:00+00:00,1753016400000,3745.9,3756.8,3735.34,3747.32,1281852.9523769708
2025-07-20 14:00:00+00:00,1753020000000,3747.32,3766.48,3730.0,3765.47,1277466.0979929166
2025-07-20 15:00:00+00:00,1753023600000,3766.46,3789.45,3747.94,3785.0,2314856.9669698016
2025-07-20 16:00:00+00:00,1753027200000,3785.34,3825.69,3761.6,3807.79,4551217.033019029
2025-07-20 17:00:00+00:00,1753030800000,3807.79,3807.79,3731.14,3738.26,4041677.7588175875
2025-07-20 18:00:00+00:00,1753034400000,3738.27,3756.19,3730.9,3753.0,2691614.998755402
2025-07-20 19:00:00+00:00,1753038000000,3753.0,3773.19,3744.87,3750.13,1945038.810809095
2025-07-20 20:00:00+00:00,1753041600000,3750.56,3753.83,3718.94,3739.65,1913018.4225290604
2025-07-20 21:00:00+00:00,1753045200000,3739.65,3771.33,3727.71,3769.06,1195316.641982588
2025-07-20 22:00:00+00:00,1753048800000,3769.06,3770.44,3681.79,3746.43,3150263.7589516714
2025-07-20 23:00:00+00:00,1753052400000,3746.43,3766.24,3733.76,3757.08,1490720.7095382065
2025-07-21 00:00:00+00:00,1753056000000,3756.64,3756.64,3709.45,3745.8,1405953.044916926
2025-07-21 01:00:00+00:00,1753059600000,3745.8,3751.87,3701.54,3724.26,863727.0474942874
2025-07-21 02:00:00+00:00,1753063200000,3723.28,3747.9,3723.12,3741.94,836405.2720381377
2025-07-21 03:00:00+00:00,1753066800000,3742.79,3764.86,3742.78,3756.61,655621.6490417112
2025-07-21 04:00:00+00:00,1753070400000,3756.62,3780.0,3753.74,3762.81,905585.4868267691
2025-07-21 05:00:00+00:00,1753074000000,3762.8,3784.9,3745.37,3782.94,948646.2632970221
2025-07-21 06:00:00+00:00,1753077600000,3783.44,3810.12,3777.5,3785.82,1895950.7089091353
2025-07-21 07:00:00+00:00,1753081200000,3787.22,3804.34,3780.0,3787.97,810066.5466987493
2025-07-21 08:00:00+00:00,1753084800000,3788.41,3810.0,3745.18,3777.04,1981735.2385788835
2025-07-21 09:00:00+00:00,1753088400000,3777.04,3784.1,3756.95,3771.39,1079886.4608528542
2025-07-21 10:00:00+00:00,1753092000000,3770.64,3820.0,3768.45,3812.26,2061227.9813006192
2025-07-21 11:00:00+00:00,1753095600000,3812.24,3836.1,3792.7,3807.18,2293998.89124683
2025-07-21 12:00:00+00:00,1753099200000,3807.92,3823.96,3773.03,3810.41,1617421.709790012
2025-07-21 13:00:00+00:00,1753102800000,3810.64,3823.23,3775.26,3818.43,1939756.0755753636
2025-07-21 14:00:00+00:00,1753106400000,3818.44,3857.34,3794.85,3841.72,3580052.211946725
2025-07-21 15:00:00+00:00,1753110000000,3841.72,3850.66,3810.59,3810.93,6532441.106619397
2025-07-21 16:00:00+00:00,1753113600000,3810.94,3817.86,3752.0,3772.64,5596142.220586482
2025-07-21 17:00:00+00:00,1753117200000,3771.36,3790.56,3740.0,3770.79,4307636.077639428
2025-07-21 18:00:00+00:00,1753120800000,3770.79,3799.71,3733.37,3739.23,3126373.1221149666
2025-07-21 19:00:00+00:00,1753124400000,3739.24,3769.51,3718.15,3736.71,4434625.096829881
2025-07-21 20:00:00+00:00,1753128000000,3737.11,3764.82,3721.0,3757.37,2096408.139956357
2025-07-21 21:00:00+00:00,1753131600000,3757.23,3763.65,3745.84,3751.32,726001.3042862811
2025-07-21 22:00:00+00:00,1753135200000,3751.28,3777.96,3748.53,3761.25,535754.9228020929
2025-07-21 23:00:00+00:00,1753138800000,3761.25,3774.98,3748.19,3762.3,692714.5187834458
2025-07-22 00:00:00+00:00,1753142400000,3762.42,3774.88,3744.0,3744.0,818750.7512818534
2025-07-22 01:00:00+00:00,1753146000000,3744.01,3798.0,3696.0,3793.43,2134547.3699048674
2025-07-22 02:00:00+00:00,1753149600000,3793.44,3793.54,3730.8,3737.21,1133016.1228305788
2025-07-22 03:00:00+00:00,1753153200000,3737.92,3743.07,3710.0,3728.82,1974280.1945023763
2025-07-22 04:00:00+00:00,1753156800000,3728.82,3733.0,3650.0,3651.3,2100492.6257848074
2025-07-22 05:00:00+00:00,1753160400000,3654.51,3696.7,3653.97,3689.46,2177913.0973839117
2025-07-22 06:00:00+00:00,1753164000000,3689.43,3717.6,3675.63,3688.23,1419265.8830193183
2025-07-22 07:00:00+00:00,1753167600000,3690.66,3712.59,3667.49,3675.36,1768689.8328994315
2025-07-22 08:00:00+00:00,1753171200000,3676.76,3676.76,3621.21,3648.85,2982945.932142865
2025-07-22 09:00:00+00:00,1753174800000,3648.72,3669.03,3617.18,3660.52,2651439.686041275
2025-07-22 10:00:00+00:00,1753178400000,3660.52,3697.39,3660.52,3697.35,1250141.5698139942
2025-07-22 11:00:00+00:00,1753182000000,3696.37,3720.0,3683.94,3705.1,2475428.422007081
2025-07-22 12:00:00+00:00,1753185600000,3705.49,3710.27,3690.41,3699.45,1194018.6805004627
2025-07-22 13:00:00+00:00,1753189200000,3701.29,3705.82,3633.59,3646.35,2232656.6477321167
2025-07-22 14:00:00+00:00,1753192800000,3646.05,3707.1,3626.23,3705.98,1922807.058830624
2025-07-22 15:00:00+00:00,1753196400000,3705.95,3729.03,3689.75,3717.54,2064636.8468131362
2025-07-22 16:00:00+00:00,1753200000000,3717.54,3749.9,3710.12,3716.86,1449085.8181079037
2025-07-22 17:00:00+00:00,1753203600000,3717.39,3720.18,3675.58,3700.0,1446105.8943687407
2025-07-22 18:00:00+00:00,1753207200000,3699.98,3722.31,3681.67,3710.18,1103438.0403518158
2025-07-22 19:00:00+00:00,1753210800000,3709.7,3718.56,3656.11,3670.1,1099520.6754174642
2025-07-22 20:00:00+00:00,1753214400000,3669.17,3709.72,3661.59,3704.99,849953.6219804727
2025-07-22 21:00:00+00:00,1753218000000,3705.0,3710.66,3694.52,3704.48,847313.6939635763
2025-07-22 22:00:00+00:00,1753221600000,3704.8,3730.0,3704.8,3720.53,866037.1292096325
2025-07-22 23:00:00+00:00,1753225200000,3719.68,3750.0,3717.63,3746.48,836723.8235977903
2025-07-23 00:00:00+00:00,1753228800000,3745.52,3760.0,3724.24,3724.25,1040114.279484147
2025-07-23 01:00:00+00:00,1753232400000,3725.12,3742.18,3711.02,3737.51,471088.0168087532
2025-07-23 02:00:00+00:00,1753236000000,3737.51,3765.28,3722.1,3743.73,1864148.24311626
2025-07-23 03:00:00+00:00,1753239600000,3744.53,3757.83,3725.44,3726.98,618323.284846678
2025-07-23 04:00:00+00:00,1753243200000,3727.54,3734.63,3719.06,3734.26,390785.1274489502
2025-07-23 05:00:00+00:00,1753246800000,3734.26,3736.4,3701.66,3714.3,654985.550629229
2025-07-23 06:00:00+00:00,1753250400000,3713.02,3715.52,3685.94,3694.91,1089789.4715898717
2025-07-23 07:00:00+00:00,1753254000000,3693.82,3698.52,3665.0,3673.62,967319.4861192822
2025-07-23 08:00:00+00:00,1753257600000,3673.62,3691.71,3668.66,3691.51,603494.4127423515
2025-07-23 09:00:00+00:00,1753261200000,3691.5,3697.38,3651.0,3659.34,1228985.343598415
2025-07-23 10:00:00+00:00,1753264800000,3659.34,3669.83,3640.0,3666.8,1593874.0763930832
2025-07-23 11:00:00+00:00,1753268400000,3666.42,3676.17,3649.12,3673.11,934740.1891343573
2025-07-23 12:00:00+00:00,1753272000000,3672.34,3679.0,3635.03,3640.81,1175749.2601151783
2025-07-23 13:00:00+00:00,1753275600000,3640.81,3665.45,3578.48,3586.94,5704979.696434488
2025-07-23 14:00:00+00:00,1753279200000,3586.94,3624.65,3580.49,3617.12,3247454.137382746
2025-07-23 15:00:00+00:00,1753282800000,3616.49,3645.67,3597.55,3644.17,1325795.8587111973
2025-07-23 16:00:00+00:00,1753286400000,3643.97,3643.97,3569.46,3570.55,2022927.053338892
2025-07-23 17:00:00+00:00,1753290000000,3570.86,3593.18,3553.11,3585.99,2311103.203809002
2025-07-23 18:00:00+00:00,1753293600000,3586.66,3606.47,3585.29,3603.12,935281.55332236
2025-07-23 19:00:00+00:00,1753297200000,3602.82,3612.01,3582.23,3587.15,1170611.8798799866
2025-07-23 20:00:00+00:00,1753300800000,3586.51,3603.98,3543.01,3566.89,2131300.4475015644
2025-07-23 21:00:00+00:00,1753304400000,3567.37,3592.47,3527.65,3591.31,2124351.850337926
2025-07-23 22:00:00+00:00,1753308000000,3590.98,3618.97,3576.34,3608.67,1166119.12974644
2025-07-23 23:00:00+00:00,1753311600000,3608.67,3650.49,3608.28,3626.91,1084102.5183055121
2025-07-24 00:00:00+00:00,1753315200000,3628.45,3645.19,3612.76,3644.96,707386.4143367211
2025-07-24 01:00:00+00:00,1753318800000,3644.96,3647.73,3625.19,3646.47,249396.1745628263
2025-07-24 02:00:00+00:00,1753322400000,3646.62,3651.02,3637.03,3648.65,746789.0554416601
2025-07-24 03:00:00+00:00,1753326000000,3648.65,3664.0,3640.36,3641.15,578029.6340979387
2025-07-24 04:00:00+00:00,1753329600000,3642.21,3656.34,3601.0,3609.95,1322006.443436335
2025-07-24 05:00:00+00:00,1753333200000,3607.75,3608.71,3555.94,3559.0,1359123.4335819467
2025-07-24 06:00:00+00:00,1753336800000,3556.68,3586.91,3527.11,3543.51,1431656.5285265108
2025-07-24 07:00:00+00:00,1753340400000,3543.37,3595.14,3506.01,3591.25,2768175.1827745447
2025-07-24 08:00:00+00:00,1753344000000,3590.84,3643.26,3580.68,3632.23,1478403.3375012595
2025-07-24 09:00:00+00:00,1753347600000,3632.23,3643.5,3617.65,3634.97,1336159.4792218304
2025-07-24 10:00:00+00:00,1753351200000,3635.3,3658.56,3590.88,3621.09,2116710.6002979744
2025-07-24 11:00:00+00:00,1753354800000,3620.47,3660.0,3618.95,3655.01,1660078.8184498763
2025-07-24 12:00:00+00:00,1753358400000,3655.0,3662.0,3619.28,3640.98,1342810.8085734951
2025-07-24 13:00:00+00:00,1753362000000,3641.46,3654.43,3628.23,3629.12,946020.0525074578
2025-07-24 14:00:00+00:00,1753365600000,3630.04,3736.31,3612.69,3734.01,2286377.5001925887
2025-07-24 15:00:00+00:00,1753369200000,3735.02,3770.0,3708.1,3729.71,3296359.5175058646
2025-07-24 16:00:00+00:00,1753372800000,3729.73,3731.5,3666.23,3685.99,1490085.4979404602
2025-07-24 17:00:00+00:00,1753376400000,3685.98,3733.88,3680.86,3723.35,1281226.9806556066
2025-07-24 18:00:00+00:00,1753380000000,3723.35,3750.0,3711.12,3740.82,1321503.0118681977
2025-07-24 19:00:00+00:00,1753383600000,3739.13,3755.0,3720.26,3732.45,2629848.7822679137
2025-07-24 20:00:00+00:00,1753387200000,3732.43,3742.0,3722.18,3735.63,879634.0619806623
2025-07-24 21:00:00+00:00,1753390800000,3735.63,3742.52,3710.84,3724.86,1342299.9361274885
2025-07-24 22:00:00+00:00,1753394400000,3724.86,3733.17,3701.32,3724.49,1926935.904695402
2025-07-24 23:00:00+00:00,1753398000000,3723.44,3723.44,3695.51,3704.8,1294701.0684629157
2025-07-25 00:00:00+00:00,1753401600000,3705.82,3707.0,3647.28,3656.68,1049177.583683462
2025-07-25 01:00:00+00:00,1753405200000,3658.74,3689.99,3642.04,3684.26,1115609.2175705358
2025-07-25 02:00:00+00:00,1753408800000,3683.79,3689.44,3614.75,3614.75,1531386.8222477117
2025-07-25 03:00:00+00:00,1753412400000,3615.37,3632.47,3566.05,3596.33,1963333.9056951404
2025-07-25 04:00:00+00:00,1753416000000,3595.42,3650.0,3579.56,3648.33,997849.201459872
2025-07-25 05:00:00+00:00,1753419600000,3648.33,3649.09,3608.25,3632.75,1059497.1040722714
2025-07-25 06:00:00+00:00,1753423200000,3633.74,3645.1,3608.98,3631.8,918822.0537071367
2025-07-25 07:00:00+00:00,1753426800000,3631.64,3667.13,3600.39,3631.67,1506550.5819182603
2025-07-25 08:00:00+00:00,1753430400000,3631.12,3676.91,3629.33,3665.17,1542177.3307333698
2025-07-25 09:00:00+00:00,1753434000000,3663.63,3730.95,3650.1,3725.36,1899272.950283914
2025-07-25 10:00:00+00:00,1753437600000,3725.37,3745.0,3703.89,3718.69,1925087.6892489577
2025-07-25 11:00:00+00:00,1753441200000,3719.61,3742.75,3715.51,3720.76,956465.8151473808
2025-07-25 12:00:00+00:00,1753444800000,3720.77,3733.92,3695.0,3704.06,1471518.8790777584
2025-07-25 13:00:00+00:00,1753448400000,3704.06,3718.97,3678.36,3700.0,2397337.8848086917
2025-07-25 14:00:00+00:00,1753452000000,3700.0,3700.0,3617.25,3628.11,3433655.030367525
2025-07-25 15:00:00+00:00,1753455600000,3628.46,3646.15,3602.05,3633.48,1889078.8581909435
2025-07-25 16:00:00+00:00,1753459200000,3632.75,3644.7,3616.5,3640.39,825895.0320688911
2025-07-25 17:00:00+00:00,1753462800000,3640.22,3652.17,3621.94,3637.47,1099219.0687939674
2025-07-25 18:00:00+00:00,1753466400000,3636.14,3656.29,3634.82,3649.46,1117194.8150405404
2025-07-25 19:00:00+00:00,1753470000000,3649.45,3658.11,3640.54,3640.54,679794.7058240543
2025-07-25 20:00:00+00:00,1753473600000,3640.53,3699.41,3640.52,3684.43,917065.7619002213
2025-07-25 21:00:00+00:00,1753477200000,3685.26,3725.0,3685.26,3717.77,2366375.80121291
2025-07-25 22:00:00+00:00,1753480800000,3717.77,3730.0,3715.07,3719.68,1026124.062867338
2025-07-25 23:00:00+00:00,1753484400000,3719.69,3730.0,3709.15,3723.91,959843.1941563322
2025-07-26 00:00:00+00:00,1753488000000,3723.91,3726.0,3710.56,3723.99,1124034.7420655843
2025-07-26 01:00:00+00:00,1753491600000,3723.99,3724.0,3694.63,3701.96,638198.9597953074
2025-07-26 02:00:00+00:00,1753495200000,3702.36,3764.98,3702.36,3742.4,2902844.104254272
2025-07-26 03:00:00+00:00,1753498800000,3742.02,3744.94,3728.22,3739.66,859964.553926201
2025-07-26 04:00:00+00:00,1753502400000,3739.18,3752.1,3737.08,3748.54,553966.7011773727
2025-07-26 05:00:00+00:00,1753506000000,3748.54,3754.32,3733.37,3747.83,533091.8636778631
2025-07-26 06:00:00+00:00,1753509600000,3747.52,3748.0,3730.32,3737.45,595397.1558903558
2025-07-26 07:00:00+00:00,1753513200000,3737.46,3747.82,3737.46,3740.99,1333643.603674944
2025-07-26 08:00:00+00:00,1753516800000,3740.99,3777.0,3740.99,3760.69,2632639.122240319
2025-07-26 09:00:00+00:00,1753520400000,3760.69,3763.94,3749.73,3757.9,931063.7496581364
2025-07-26 10:00:00+00:00,1753524000000,3757.9,3781.36,3752.72,3758.36,1253620.488779946
2025-07-26 11:00:00+00:00,1753527600000,3759.11,3768.25,3728.32,3737.47,2391064.4292375613
2025-07-26 12:00:00+00:00,1753531200000,3737.46,3750.91,3725.45,3741.68,1821481.384273221
2025-07-26 13:00:00+00:00,1753534800000,3741.53,3753.61,3734.95,3741.85,1233371.2766106052
2025-07-26 14:00:00+00:00,1753538400000,3741.93,3747.46,3724.14,3726.94,2188147.7925301427
2025-07-26 15:00:00+00:00,1753542000000,3726.94,3740.22,3713.67,3733.66,2133518.0521994727
2025-07-26 16:00:00+00:00,1753545600000,3733.66,3742.91,3717.92,3726.19,1892293.5342532075
2025-07-26 17:00:00+00:00,1753549200000,3726.19,3733.02,3719.94,3722.87,1791684.9475593108
2025-07-26 18:00:00+00:00,1753552800000,3722.88,3754.91,3706.06,3739.28,4408688.673006591
2025-07-26 19:00:00+00:00,1753556400000,3739.63,3754.99,3739.62,3750.03,1254628.190260205
2025-07-26 20:00:00+00:00,1753560000000,3750.04,3750.04,3732.73,3744.82,1661837.7880324223
2025-07-26 21:00:00+00:00,1753563600000,3744.79,3761.89,3737.04,3757.7,1976441.116104563
2025-07-26 22:00:00+00:00,1753567200000,3757.7,3794.11,3741.54,3749.3,4437783.499996475
2025-07-26 23:00:00+00:00,1753570800000,3749.3,3755.76,3735.01,3738.98,1340675.463595964
2025-07-27 00:00:00+00:00,1753574400000,3740.03,3755.13,3730.44,3755.13,778074.3914085533
2025-07-27 01:00:00+00:00,1753578000000,3755.14,3771.44,3750.15,3756.41,262563.410666453
2025-07-27 02:00:00+00:00,1753581600000,3756.42,3787.5,3752.17,3783.49,587078.4069720696
2025-07-27 03:00:00+00:00,1753585200000,3783.48,3786.47,3769.65,3772.71,1278318.5005771175
2025-07-27 04:00:00+00:00,1753588800000,3772.72,3790.0,3767.65,3790.0,1257243.865472608
2025-07-27 05:00:00+00:00,1753592400000,3789.99,3808.94,3782.74,3790.89,2677763.244635403
2025-07-27 06:00:00+00:00,1753596000000,3790.89,3790.89,3766.0,3772.11,1103919.8398542337
2025-07-27 07:00:00+00:00,1753599600000,3772.1,3782.36,3764.5,3767.99,830769.9608781249
2025-07-27 08:00:00+00:00,1753603200000,3767.98,3775.96,3765.17,3770.5,466314.9212150981
2025-07-27 09:00:00+00:00,1753606800000,3770.47,3772.98,3752.0,3763.02,765214.3567828352
2025-07-27 10:00:00+00:00,1753610400000,3763.02,3839.0,3762.53,3815.78,2790305.925350256
2025-07-27 11:00:00+00:00,1753614000000,3817.72,3835.33,3804.79,3814.25,2198731.2025507954
2025-07-27 12:00:00+00:00,1753617600000,3814.25,3835.79,3807.0,3825.45,2120519.7795699574
2025-07-27 13:00:00+00:00,1753621200000,3825.24,3828.99,3806.56,3809.68,785617.70708595
2025-07-27 14:00:00+00:00,1753624800000,3809.55,3822.56,3792.0,3809.27,951045.4432825629
2025-07-27 15:00:00+00:00,1753628400000,3809.28,3820.75,3793.57,3818.91,507538.3526580064
2025-07-27 16:00:00+00:00,1753632000000,3818.91,3849.0,3810.81,3815.11,1953552.016874393
2025-07-27 17:00:00+00:00,1753635600000,3813.7,3840.94,3808.42,3837.33,617298.3032156761
2025-07-27 18:00:00+00:00,1753639200000,3836.96,3867.0,3832.89,3845.67,2544530.129178237
2025-07-27 19:00:00+00:00,1753642800000,3845.67,3850.99,3826.4,3827.2,751032.5817365143
2025-07-27 20:00:00+00:00,1753646400000,3827.22,3841.99,3820.0,3821.25,560791.944102368
2025-07-27 21:00:00+00:00,1753650000000,3821.36,3839.7,3816.96,3837.45,498518.6487564523
2025-07-27 22:00:00+00:00,1753653600000,3837.06,3877.46,3836.8,3863.81,1617477.4493143833
2025-07-27 23:00:00+00:00,1753657200000,3863.55,3875.0,3838.44,3871.17,954747.4724227566
2025-07-28 00:00:00+00:00,1753660800000,3871.51,3885.0,3855.18,3861.7,1648457.3506197783
2025-07-28 01:00:00+00:00,1753664400000,3861.7,3864.86,3845.0,3849.89,836733.9596088558
2025-07-28 02:00:00+00:00,1753668000000,3849.41,3904.99,3842.0,3885.32,2093512.5080178771
2025-07-28 03:00:00+00:00,1753671600000,3885.32,3892.65,3868.88,3878.99,451698.0982472094
2025-07-28 04:00:00+00:00,1753675200000,3878.99,3903.0,3868.9,3900.8,1270986.6283277385
2025-07-28 05:00:00+00:00,1753678800000,3900.3,3939.0,3899.4,3928.91,3155384.4126793435
2025-07-28 06:00:00+00:00,1753682400000,3928.28,3932.4,3910.0,3912.06,1198919.17577143
2025-07-28 07:00:00+00:00,1753686000000,3912.05,3914.95,3876.22,3892.45,1238026.6101571014
2025-07-28 08:00:00+00:00,1753689600000,3891.19,3900.0,3883.23,3893.02,1631668.53310682
2025-07-28 09:00:00+00:00,1753693200000,3893.02,3895.32,3872.0,3894.31,842748.8719460178
2025-07-28 10:00:00+00:00,1753696800000,3894.3,3896.45,3877.79,3887.01,926631.6995625388
2025-07-28 11:00:00+00:00,1753700400000,3886.76,3897.0,3858.0,3880.05,1866596.175932482
2025-07-28 12:00:00+00:00,1753704000000,3880.04,3889.99,3870.31,3871.54,812932.3641873966
2025-07-28 13:00:00+00:00,1753707600000,3872.4,3874.96,3828.0,3842.57,1683798.9892121705
2025-07-28 14:00:00+00:00,1753711200000,3844.11,3852.83,3775.0,3782.71,2713007.536296314
2025-07-28 15:00:00+00:00,1753714800000,3782.75,3824.45,3781.22,3807.75,1759436.805656375
2025-07-28 16:00:00+00:00,1753718400000,3807.75,3821.45,3792.7,3807.28,737623.8978761343
2025-07-28 17:00:00+00:00,1753722000000,3807.28,3809.58,3779.01,3783.12,923088.5370344563
2025-07-28 18:00:00+00:00,1753725600000,3783.12,3786.82,3750.1,3781.58,1651545.6278520266
2025-07-28 19:00:00+00:00,1753729200000,3781.57,3806.33,3764.83,3795.89,1439629.4361977058
2025-07-28 20:00:00+00:00,1753732800000,3796.62,3802.13,3766.6,3787.57,1751137.338373737
2025-07-28 21:00:00+00:00,1753736400000,3786.72,3801.67,3774.96,3788.25,661802.591256701
2025-07-28 22:00:00+00:00,1753740000000,3788.25,3800.83,3767.9,3786.0,933804.3052540161
2025-07-28 23:00:00+00:00,1753743600000,3787.49,3799.72,3775.52,3796.95,373052.0775996843
2025-07-29 00:00:00+00:00,1753747200000,3797.11,3821.5,3747.1,3780.19,2086621.1423848646
2025-07-29 01:00:00+00:00,1753750800000,3780.2,3798.04,3758.74,3758.74,407117.4121645871
2025-07-29 02:00:00+00:00,1753754400000,3758.77,3773.51,3733.0,3760.11,938263.5198786779
2025-07-29 03:00:00+00:00,1753758000000,3760.11,3799.02,3760.11,3792.17,706373.8911952148
2025-07-29 04:00:00+00:00,1753761600000,3792.68,3801.15,3776.65,3778.93,473283.2284118399
2025-07-29 05:00:00+00:00,1753765200000,3779.68,3807.97,3779.68,3806.73,354420.8487317318
2025-07-29 06:00:00+00:00,1753768800000,3807.15,3834.68,3802.59,3829.28,1617605.508066319
2025-07-29 07:00:00+00:00,1753772400000,3829.96,3880.0,3829.96,3877.18,2485832.9324742015
2025-07-29 08:00:00+00:00,1753776000000,3876.7,3884.69,3860.59,3872.11,1156508.059040106
2025-07-29 09:00:00+00:00,1753779600000,3872.12,3881.45,3863.81,3872.32,785263.5058776079
2025-07-29 10:00:00+00:00,1753783200000,3872.31,3873.68,3825.48,3828.73,1144809.951415989
2025-07-29 11:00:00+00:00,1753786800000,3828.74,3839.69,3811.98,3824.97,1204478.1830644836
2025-07-29 12:00:00+00:00,1753790400000,3824.97,3860.0,3822.69,3853.46,1628016.8919519426
2025-07-29 13:00:00+00:00,1753794000000,3851.97,3873.42,3829.01,3837.17,1175061.2982350094
2025-07-29 14:00:00+00:00,1753797600000,3837.16,3837.62,3770.0,3781.5,1559057.4357140602
2025-07-29 15:00:00+00:00,1753801200000,3781.49,3782.64,3748.83,3762.7,1733070.8081357372
2025-07-29 16:00:00+00:00,1753804800000,3763.21,3768.25,3717.0,3751.65,2502820.38783459
2025-07-29 17:00:00+00:00,1753808400000,3751.81,3797.38,3746.24,3769.9,1082449.5725427368
2025-07-29 18:00:00+00:00,1753812000000,3769.0,3775.67,3752.18,3771.6,716698.6338530635
2025-07-29 19:00:00+00:00,1753815600000,3769.55,3797.31,3759.04,3763.49,1051373.4046629784
2025-07-29 20:00:00+00:00,1753819200000,3765.54,3784.3,3741.1,3763.73,1192541.9874445812
2025-07-29 21:00:00+00:00,1753822800000,3766.83,3784.77,3754.29,3783.43,875490.094471639
2025-07-29 22:00:00+00:00,1753826400000,3784.57,3795.0,3761.12,3792.88,590178.9807361058
2025-07-29 23:00:00+00:00,1753830000000,3792.89,3804.78,3784.23,3795.47,601608.604012054
2025-07-30 00:00:00+00:00,1753833600000,3794.03,3794.03,3755.11,3774.86,797348.4205488903
2025-07-30 01:00:00+00:00,1753837200000,3775.53,3810.0,3762.49,3791.23,770813.3105822236
2025-07-30 02:00:00+00:00,1753840800000,3793.34,3822.52,3785.52,3814.45,729065.9124764304
2025-07-30 03:00:00+00:00,1753844400000,3814.32,3829.93,3805.27,3818.64,452181.4319269617
2025-07-30 04:00:00+00:00,1753848000000,3818.64,3825.66,3801.01,3808.55,431297.4730936761
2025-07-30 05:00:00+00:00,1753851600000,3808.55,3815.45,3788.1,3810.04,755927.0468499439
2025-07-30 06:00:00+00:00,1753855200000,3810.05,3829.93,3809.66,3824.91,694122.1067925944
2025-07-30 07:00:00+00:00,1753858800000,3825.14,3833.25,3803.44,3811.53,782706.1392665954
2025-07-30 08:00:00+00:00,1753862400000,3810.6,3824.48,3799.73,3815.46,802791.4765590251
2025-07-30 09:00:00+00:00,1753866000000,3815.46,3818.49,3776.01,3787.13,975755.8901078652
2025-07-30 10:00:00+00:00,1753869600000,3787.14,3806.71,3764.05,3773.81,817872.3570099659
2025-07-30 11:00:00+00:00,1753873200000,3774.22,3786.07,3745.0,3757.58,1194896.5392971365
2025-07-30 12:00:00+00:00,1753876800000,3758.47,3783.96,3749.58,3773.38,1863475.264109763
2025-07-30 13:00:00+00:00,1753880400000,3773.38,3784.77,3750.01,3766.11,1387390.4133926153
2025-07-30 14:00:00+00:00,1753884000000,3766.11,3830.0,3764.68,3818.8,1658045.3000923863
2025-07-30 15:00:00+00:00,1753887600000,3818.81,3821.33,3778.3,3796.81,1195796.2685037728
2025-07-30 16:00:00+00:00,1753891200000,3796.28,3816.17,3780.37,3795.58,986714.028682584
2025-07-30 17:00:00+00:00,1753894800000,3796.19,3813.89,3792.48,3804.62,1026788.6203483837
2025-07-30 18:00:00+00:00,1753898400000,3807.82,3820.01,3737.65,3737.66,2174557.285522919
2025-07-30 19:00:00+00:00,1753902000000,3737.65,3773.61,3671.52,3760.7,4152506.717233189
2025-07-30 20:00:00+00:00,1753905600000,3759.83,3786.65,3756.86,3770.16,1245459.3223908916
2025-07-30 21:00:00+00:00,1753909200000,3770.01,3773.98,3738.25,3762.01,681959.7078646296
2025-07-30 22:00:00+00:00,1753912800000,3762.45,3770.07,3755.36,3764.05,448481.7987045798
2025-07-30 23:00:00+00:00,1753916400000,3763.21,3812.39,3763.21,3808.04,1218417.318970992
2025-07-31 00:00:00+00:00,1753920000000,3809.0,3847.98,3801.14,3844.53,2618898.5249665715
2025-07-31 01:00:00+00:00,1753923600000,3843.37,3848.69,3829.59,3836.32,1223467.366781845
2025-07-31 02:00:00+00:00,1753927200000,3836.32,3862.79,3831.98,3861.2,1635265.6026764088
2025-07-31 03:00:00+00:00,1753930800000,3861.43,3866.58,3856.5,3861.05,369115.1982602678
2025-07-31 04:00:00+00:00,1753934400000,3861.05,3870.0,3854.45,3868.81,824874.5634393546
2025-07-31 05:00:00+00:00,1753938000000,3869.69,3869.69,3856.56,3857.57,1114874.8584597062
2025-07-31 06:00:00+00:00,1753941600000,3857.58,3878.8,3854.57,3873.58,942907.2337582142
2025-07-31 07:00:00+00:00,1753945200000,3873.58,3876.74,3860.57,3862.19,795886.4590858027
2025-07-31 08:00:00+00:00,1753948800000,3862.18,3877.73,3857.57,3862.66,1372996.296513284
2025-07-31 09:00:00+00:00,1753952400000,3862.66,3867.72,3855.0,3862.07,1076988.5195192094
2025-07-31 10:00:00+00:00,1753956000000,3862.07,3869.23,3850.03,3855.17,1097212.9436842774
2025-07-31 11:00:00+00:00,1753959600000,3855.16,3855.95,3826.45,3837.54,1008384.2122277425
2025-07-31 12:00:00+00:00,1753963200000,3837.54,3845.62,3823.28,3835.07,1027826.7045692286
2025-07-31 13:00:00+00:00,1753966800000,3832.64,3832.64,3784.78,3807.76,1328342.3254220681
2025-07-31 14:00:00+00:00,1753970400000,3806.99,3814.26,3767.0,3768.31,1296116.387279576
2025-07-31 15:00:00+00:00,1753974000000,3770.07,3797.37,3763.27,3788.39,874167.0909759763
2025-07-31 16:00:00+00:00,1753977600000,3788.39,3819.05,3782.44,3803.08,1135827.2777189417
2025-07-31 17:00:00+00:00,1753981200000,3802.54,3802.57,3769.98,3775.62,685375.8704569472
2025-07-31 18:00:00+00:00,1753984800000,3775.62,3787.15,3750.01,3774.82,1065311.8784309619
2025-07-31 19:00:00+00:00,1753988400000,3774.83,3780.05,3735.71,3739.14,1071052.3999238538
2025-07-31 20:00:00+00:00,1753992000000,3737.93,3751.97,3718.0,3735.8,1982769.6948273492
2025-07-31 21:00:00+00:00,1753995600000,3735.8,3758.11,3707.88,3730.22,1779604.9730172239
2025-07-31 22:00:00+00:00,1753999200000,3730.22,3731.18,3702.68,3710.28,1361568.5254845775
2025-07-31 23:00:00+00:00,1754002800000,3710.28,3728.7,3685.2,3699.02,1624538.741251537
2025-08-01 00:00:00+00:00,1754006400000,3699.02,3699.46,3620.0,3683.82,3509661.214672066
2025-08-01 01:00:00+00:00,1754010000000,3683.82,3697.36,3654.58,3690.32,954096.4292838369
2025-08-01 02:00:00+00:00,1754013600000,3689.53,3723.63,3681.44,3717.82,743339.524051756
2025-08-01 03:00:00+00:00,1754017200000,3717.82,3724.65,3702.1,3706.4,612951.4316003276
2025-08-01 04:00:00+00:00,1754020800000,3705.4,3705.4,3677.66,3683.18,769332.3727033623
2025-08-01 05:00:00+00:00,1754024400000,3683.18,3692.6,3666.07,3675.16,659151.618246156
2025-08-01 06:00:00+00:00,1754028000000,3675.2,3683.94,3642.47,3662.65,1899180.1378182825
2025-08-01 07:00:00+00:00,1754031600000,3662.15,3667.14,3625.01,3650.95,1104445.3506099046
2025-08-01 08:00:00+00:00,1754035200000,3647.7,3647.7,3586.0,3610.23,2553280.6716794996
2025-08-01 09:00:00+00:00,1754038800000,3609.91,3639.26,3605.7,3618.63,1021705.2788915074
2025-08-01 10:00:00+00:00,1754042400000,3618.62,3633.53,3608.86,3614.28,1039024.8290156075
2025-08-01 11:00:00+00:00,1754046000000,3615.37,3643.7,3606.33,3643.67,1024188.262373053
2025-08-01 12:00:00+00:00,1754049600000,3642.83,3674.79,3630.97,3663.32,2083150.622128007
2025-08-01 13:00:00+00:00,1754053200000,3663.9,3675.91,3580.0,3600.15,2423597.671552035
2025-08-01 14:00:00+00:00,1754056800000,3599.47,3654.99,3566.61,3632.2,2085704.1934149757
2025-08-01 15:00:00+00:00,1754060400000,3632.24,3634.77,3583.57,3617.45,1486480.059462461
2025-08-01 16:00:00+00:00,1754064000000,3617.44,3635.89,3578.1,3588.82,951019.063857794
2025-08-01 17:00:00+00:00,1754067600000,3588.02,3601.04,3565.0,3572.25,1341342.4785897997
2025-08-01 18:00:00+00:00,1754071200000,3572.24,3583.96,3537.03,3550.24,2327445.680167409
2025-08-01 19:00:00+00:00,1754074800000,3549.14,3560.68,3515.49,3517.68,1766279.946950775
2025-08-01 20:00:00+00:00,1754078400000,3517.19,3541.68,3491.67,3541.07,2725334.282773194
2025-08-01 21:00:00+00:00,1754082000000,3541.52,3553.53,3533.82,3536.28,1397711.056245512
2025-08-01 22:00:00+00:00,1754085600000,3536.39,3543.96,3431.65,3463.48,3737288.406381544
2025-08-01 23:00:00+00:00,1754089200000,3463.43,3491.54,3448.89,3487.49,1046004.5721264653
2025-08-02 00:00:00+00:00,1754092800000,3487.49,3513.62,3478.94,3512.77,1063411.5268505581
2025-08-02 01:00:00+00:00,1754096400000,3512.77,3521.57,3491.85,3517.82,675251.1441372061
2025-08-02 02:00:00+00:00,1754100000000,3516.58,3526.03,3514.53,3522.12,346979.1876052485
2025-08-02 03:00:00+00:00,1754103600000,3522.12,3531.0,3518.93,3526.14,406085.3513111197
2025-08-02 04:00:00+00:00,1754107200000,3527.08,3534.49,3513.89,3533.99,606065.2584424518
2025-08-02 05:00:00+00:00,1754110800000,3533.34,3536.61,3515.86,3519.01,564570.8161195208
2025-08-02 06:00:00+00:00,1754114400000,3518.56,3518.56,3450.91,3480.51,1539719.2341592694
2025-08-02 07:00:00+00:00,1754118000000,3480.51,3520.95,3468.74,3520.22,1125358.0133355567
2025-08-02 08:00:00+00:00,1754121600000,3520.21,3523.47,3487.88,3491.26,1159033.832754435
2025-08-02 09:00:00+00:00,1754125200000,3491.54,3503.55,3483.06,3491.36,699297.8697615236
2025-08-02 10:00:00+00:00,1754128800000,3491.36,3494.58,3473.82,3491.05,804221.1365193189
2025-08-02 11:00:00+00:00,1754132400000,3491.05,3517.19,3482.56,3507.63,909005.8008423113
2025-08-02 12:00:00+00:00,1754136000000,3507.64,3513.56,3496.45,3508.36,628222.6056292567
2025-08-02 13:00:00+00:00,1754139600000,3509.08,3514.91,3492.4,3509.73,643935.10579488
2025-08-02 14:00:00+00:00,1754143200000,3509.24,3515.85,3466.64,3479.35,1265364.108809651
2025-08-02 15:00:00+00:00,1754146800000,3479.34,3490.46,3451.01,3458.5,1296216.085066122
2025-08-02 16:00:00+00:00,1754150400000,3458.5,3475.0,3433.29,3470.48,1558238.2405474666
2025-08-02 17:00:00+00:00,1754154000000,3470.48,3480.43,3413.63,3422.78,1497059.7767823737
2025-08-02 18:00:00+00:00,1754157600000,3422.79,3432.02,3371.45,3382.32,3498231.698454366
2025-08-02 19:00:00+00:00,1754161200000,3382.79,3423.71,3375.55,3382.23,2653735.3547937623
2025-08-02 20:00:00+00:00,1754164800000,3382.23,3427.25,3381.45,3422.43,1473403.0309098845
2025-08-02 21:00:00+00:00,1754168400000,3422.73,3442.91,3402.61,3412.44,1193526.1196503064
2025-08-02 22:00:00+00:00,1754172000000,3411.21,3431.66,3387.66,3410.13,841612.4518808598
2025-08-02 23:00:00+00:00,1754175600000,3410.13,3417.54,3369.25,3393.21,998156.9719963407
2025-08-03 00:00:00+00:00,1754179200000,3393.13,3413.78,3356.0,3409.2,1535129.893316307
2025-08-03 01:00:00+00:00,1754182800000,3408.83,3422.14,3400.7,3415.12,671390.8091375274
2025-08-03 02:00:00+00:00,1754186400000,3412.97,3444.73,3412.97,3444.73,716360.3784579433
2025-08-03 03:00:00+00:00,1754190000000,3443.7,3450.98,3439.62,3445.14,672930.3301278156
2025-08-03 04:00:00+00:00,1754193600000,3444.61,3447.38,3434.06,3443.02,474205.4289680317
2025-08-03 05:00:00+00:00,1754197200000,3443.02,3455.05,3442.09,3444.82,553583.1327651284
2025-08-03 06:00:00+00:00,1754200800000,3445.31,3448.61,3437.1,3439.19,265802.6618199755
2025-08-03 07:00:00+00:00,1754204400000,3439.19,3459.73,3439.19,3455.77,1131781.4340248932
2025-08-03 08:00:00+00:00,1754208000000,3455.78,3468.36,3454.53,3462.93,565644.7050000748
2025-08-03 09:00:00+00:00,1754211600000,3462.92,3466.81,3456.25,3466.1,421259.411363936
2025-08-03 10:00:00+00:00,1754215200000,3466.1,3488.0,3465.99,3485.31,1064681.6668812896
2025-08-03 11:00:00+00:00,1754218800000,3485.77,3516.11,3483.91,3485.72,2449676.2646893035
2025-08-03 12:00:00+00:00,1754222400000,3485.72,3504.08,3475.31,3491.11,754433.262357668
2025-08-03 13:00:00+00:00,1754226000000,3491.11,3499.21,3484.93,3492.28,407030.9569599012
2025-08-03 14:00:00+00:00,1754229600000,3492.53,3494.32,3464.81,3473.48,740964.1644541883
2025-08-03 15:00:00+00:00,1754233200000,3472.84,3478.55,3453.07,3476.76,1096792.8543629681
2025-08-03 16:00:00+00:00,1754236800000,3476.7,3496.27,3468.61,3495.85,601726.1125028474
2025-08-03 17:00:00+00:00,1754240400000,3495.85,3499.49,3480.81,3490.48,688508.8741618659
2025-08-03 18:00:00+00:00,1754244000000,3490.53,3499.16,3482.42,3496.66,992324.0161731777
2025-08-03 19:00:00+00:00,1754247600000,3496.66,3514.16,3487.85,3496.43,1198186.2969755866
2025-08-03 20:00:00+00:00,1754251200000,3497.1,3498.03,3484.16,3494.39,524280.3409393685
2025-08-03 21:00:00+00:00,1754254800000,3492.62,3508.98,3491.42,3503.18,560199.02991224
2025-08-03 22:00:00+00:00,1754258400000,3503.19,3514.69,3482.82,3502.72,616292.0459429901
2025-08-03 23:00:00+00:00,1754262000000,3502.72,3520.54,3495.88,3497.0,567810.1973690572
2025-08-04 00:00:00+00:00,1754265600000,3497.43,3551.38,3492.3,3547.15,665553.3783944454
2025-08-04 01:00:00+00:00,1754269200000,3546.74,3564.84,3534.22,3537.08,790967.5539183688
2025-08-04 02:00:00+00:00,1754272800000,3538.26,3571.4,3526.19,3571.4,1640845.3324668214
2025-08-04 03:00:00+00:00,1754276400000,3571.4,3575.0,3555.85,3557.98,460675.2364811108
2025-08-04 04:00:00+00:00,1754280000000,3557.05,3565.71,3534.38,3538.95,881562.8286143892
2025-08-04 05:00:00+00:00,1754283600000,3538.95,3540.73,3525.0,3535.23,333403.7753422131
2025-08-04 06:00:00+00:00,1754287200000,3534.49,3541.88,3520.36,3540.12,384464.4444446865
2025-08-04 07:00:00+00:00,1754290800000,3540.12,3554.05,3537.18,3552.52,1089295.6567490941
2025-08-04 08:00:00+00:00,1754294400000,3552.53,3564.28,3542.13,3550.78,918239.3596261939
2025-08-04 09:00:00+00:00,1754298000000,3551.13,3563.36,3546.42,3548.34,429886.5633430631
2025-08-04 10:00:00+00:00,1754301600000,3547.86,3573.64,3545.89,3555.54,506737.4747392458
2025-08-04 11:00:00+00:00,1754305200000,3555.17,3566.44,3550.77,3556.19,410429.9510900612
2025-08-04 12:00:00+00:00,1754308800000,3556.66,3572.24,3550.89,3569.54,686473.8030531681
2025-08-04 13:00:00+00:00,1754312400000,3570.44,3620.0,3560.33,3619.95,1921366.9648633075
2025-08-04 14:00:00+00:00,1754316000000,3620.0,3664.35,3617.84,3637.41,3285972.9876744235
2025-08-04 15:00:00+00:00,1754319600000,3638.5,3658.05,3634.35,3648.36,1636443.0204118744
2025-08-04 16:00:00+00:00,1754323200000,3648.42,3697.69,3648.08,3687.82,2587588.6224517827
2025-08-04 17:00:00+00:00,1754326800000,3687.89,3716.58,3678.41,3681.47,1667833.7649308804
2025-08-04 18:00:00+00:00,1754330400000,3681.48,3691.77,3670.99,3674.73,1452722.372968976
2025-08-04 19:00:00+00:00,1754334000000,3673.06,3687.17,3666.6,3669.09,1390113.70585129
2025-08-04 20:00:00+00:00,1754337600000,3668.95,3710.0,3661.41,3699.79,2205089.43957936
2025-08-04 21:00:00+00:00,1754341200000,3699.48,3729.97,3699.03,3709.41,1872638.0016522373
2025-08-04 22:00:00+00:00,1754344800000,3709.41,3734.58,3709.41,3730.27,1261395.8900884
2025-08-04 23:00:00+00:00,1754348400000,3731.56,3731.56,3707.77,3719.29,778947.2495984132
2025-08-05 00:00:00+00:00,1754352000000,3719.3,3720.05,3694.01,3696.77,840205.2810010595
2025-08-05 01:00:00+00:00,1754355600000,3696.4,3710.17,3680.0,3680.38,336301.5616056117
2025-08-05 02:00:00+00:00,1754359200000,3680.39,3687.23,3672.36,3680.12,308597.8434264651
2025-08-05 03:00:00+00:00,1754362800000,3679.69,3680.13,3648.7,3650.69,896016.236362275
2025-08-05 04:00:00+00:00,1754366400000,3650.69,3666.58,3639.47,3649.95,985078.504806291
2025-08-05 05:00:00+00:00,1754370000000,3646.67,3670.33,3646.67,3664.17,480649.7817474884
2025-08-05 06:00:00+00:00,1754373600000,3664.16,3679.45,3636.45,3649.5,660706.5510796006
2025-08-05 07:00:00+00:00,1754377200000,3649.51,3656.61,3602.02,3612.73,1741846.2468805313
2025-08-05 08:00:00+00:00,1754380800000,3612.03,3639.55,3608.89,3633.43,981243.6442065022
2025-08-05 09:00:00+00:00,1754384400000,3633.59,3666.55,3633.36,3660.82,749326.2608177415
2025-08-05 10:00:00+00:00,1754388000000,3660.45,3693.46,3654.75,3682.61,880232.6710786282
2025-08-05 11:00:00+00:00,1754391600000,3682.61,3685.35,3661.55,3672.95,908229.9288753221
2025-08-05 12:00:00+00:00,1754395200000,3672.96,3680.16,3611.88,3628.04,926955.5181085811
2025-08-05 13:00:00+00:00,1754398800000,3628.03,3658.21,3618.28,3646.74,1403585.2807915092
2025-08-05 14:00:00+00:00,1754402400000,3646.7,3646.88,3559.0,3577.36,3291761.0034859898
2025-08-05 15:00:00+00:00,1754406000000,3576.46,3597.22,3556.04,3569.87,2766750.6621486116
2025-08-05 16:00:00+00:00,1754409600000,3569.5,3595.58,3563.07,3577.85,1387914.341904538
2025-08-05 17:00:00+00:00,1754413200000,3576.4,3608.15,3575.97,3604.98,1048873.139260865
2025-08-05 18:00:00+00:00,1754416800000,3604.98,3610.64,3567.01,3586.52,1280066.7795137821
2025-08-05 19:00:00+00:00,1754420400000,3587.11,3593.0,3560.0,3571.61,806553.4325652189
2025-08-05 20:00:00+00:00,1754424000000,3571.7,3600.69,3571.7,3575.7,507549.1196068822
2025-08-05 21:00:00+00:00,1754427600000,3575.27,3592.8,3569.46,3574.12,527315.2546188137
2025-08-05 22:00:00+00:00,1754431200000,3574.12,3597.77,3546.54,3596.16,840926.6332306035
2025-08-05 23:00:00+00:00,1754434800000,3596.15,3622.44,3593.98,3612.03,756911.7798132335
2025-08-06 00:00:00+00:00,1754438400000,3612.02,3612.02,3570.72,3575.69,675057.5727477925
2025-08-06 01:00:00+00:00,1754442000000,3575.7,3593.16,3563.67,3592.43,344951.5422926426
2025-08-06 02:00:00+00:00,1754445600000,3591.42,3594.79,3573.64,3591.13,243626.360809078
2025-08-06 03:00:00+00:00,1754449200000,3591.13,3593.39,3571.52,3582.99,133773.0378154716
2025-08-06 04:00:00+00:00,1754452800000,3582.99,3583.93,3570.18,3573.17,181546.1518338644
2025-08-06 05:00:00+00:00,1754456400000,3573.1,3666.35,3568.94,3637.27,1562430.4369203092
2025-08-06 06:00:00+00:00,1754460000000,3638.33,3643.57,3617.0,3630.45,1129015.6043131135
2025-08-06 07:00:00+00:00,1754463600000,3630.45,3649.85,3624.63,3639.0,827266.0800352346
2025-08-06 08:00:00+00:00,1754467200000,3638.99,3642.39,3609.02,3621.46,585443.733468671
2025-08-06 09:00:00+00:00,1754470800000,3619.77,3643.48,3616.43,3625.91,574346.5300904515
2025-08-06 10:00:00+00:00,1754474400000,3626.85,3638.77,3611.39,3615.59,738001.2929049383
2025-08-06 11:00:00+00:00,1754478000000,3615.59,3629.46,3610.64,3618.08,298038.0812232309
2025-08-06 12:00:00+00:00,1754481600000,3618.09,3622.08,3580.0,3583.01,734279.3184436193
2025-08-06 13:00:00+00:00,1754485200000,3585.21,3603.32,3574.19,3602.33,1076493.937966685
2025-08-06 14:00:00+00:00,1754488800000,3602.34,3636.88,3588.41,3635.17,971762.7441897268
2025-08-06 15:00:00+00:00,1754492400000,3635.17,3668.88,3619.89,3665.21,1735945.4900696701
2025-08-06 16:00:00+00:00,1754496000000,3665.22,3673.23,3640.61,3645.07,1639206.1143939516
2025-08-06 17:00:00+00:00,1754499600000,3645.08,3683.6,3638.91,3682.29,1270776.3728313467
2025-08-06 18:00:00+00:00,1754503200000,3682.35,3697.04,3672.46,3675.97,1193692.2769356559
2025-08-06 19:00:00+00:00,1754506800000,3675.98,3685.62,3668.83,3682.27,1064576.1950516813
2025-08-06 20:00:00+00:00,1754510400000,3681.45,3681.83,3667.42,3674.2,717874.8633366257
2025-08-06 21:00:00+00:00,1754514000000,3673.17,3683.89,3650.0,3668.15,763121.4346346441
2025-08-06 22:00:00+00:00,1754517600000,3668.16,3683.3,3664.97,3681.01,768472.0563975727
2025-08-06 23:00:00+00:00,1754521200000,3681.01,3685.09,3673.84,3682.87,254582.5596281613
2025-08-07 00:00:00+00:00,1754524800000,3682.29,3682.29,3663.21,3672.4,190984.2985785457
2025-08-07 01:00:00+00:00,1754528400000,3672.4,3716.0,3667.14,3667.59,915719.829690895
2025-08-07 02:00:00+00:00,1754532000000,3667.36,3677.14,3651.37,3658.4,478178.1563860132
2025-08-07 03:00:00+00:00,1754535600000,3658.29,3667.71,3648.3,3656.71,418052.1373943292
2025-08-07 04:00:00+00:00,1754539200000,3656.7,3669.2,3654.42,3661.81,298113.6697158278
2025-08-07 05:00:00+00:00,1754542800000,3662.01,3687.25,3660.09,3687.25,734597.2075412354
2025-08-07 06:00:00+00:00,1754546400000,3687.24,3709.86,3686.6,3694.15,1160963.1690913602
2025-08-07 07:00:00+00:00,1754550000000,3694.08,3708.0,3694.08,3700.2,894495.4445845188
2025-08-07 08:00:00+00:00,1754553600000,3700.2,3726.7,3700.2,3720.35,2059844.1907941957
2025-08-07 09:00:00+00:00,1754557200000,3720.35,3733.24,3714.29,3731.38,1783352.626984984
2025-08-07 10:00:00+00:00,1754560800000,3731.05,3825.65,3729.68,3821.69,6444816.774640601
2025-08-07 11:00:00+00:00,1754564400000,3820.39,3841.54,3801.78,3828.0,3469718.5520601124
2025-08-07 12:00:00+00:00,1754568000000,3827.47,3849.0,3824.17,3847.41,2630564.84149008
2025-08-07 13:00:00+00:00,1754571600000,3848.99,3864.56,3824.43,3856.1,2836535.7372529763
2025-08-07 14:00:00+00:00,1754575200000,3856.1,3857.53,3802.99,3817.1,1927096.4245541068
2025-08-07 15:00:00+00:00,1754578800000,3818.39,3839.54,3813.85,3836.43,1167947.085396792
2025-08-07 16:00:00+00:00,1754582400000,3835.98,3843.26,3780.0,3814.4,2096589.8687694557
2025-08-07 17:00:00+00:00,1754586000000,3814.4,3833.06,3805.18,3829.07,1932208.6359587146
2025-08-07 18:00:00+00:00,1754589600000,3828.64,3829.05,3808.09,3827.12,1217239.3916345746
2025-08-07 19:00:00+00:00,1754593200000,3827.12,3873.9,3821.57,3866.17,2825089.277985013
2025-08-07 20:00:00+00:00,1754596800000,3866.19,3879.21,3851.45,3872.72,2132165.5733021484
2025-08-07 21:00:00+00:00,1754600400000,3872.75,3884.78,3858.48,3869.69,1811650.3671917543
2025-08-07 22:00:00+00:00,1754604000000,3869.7,3925.0,3867.67,3915.8,3376199.585076244
2025-08-07 23:00:00+00:00,1754607600000,3915.8,3917.41,3889.67,3909.02,1631978.5066505393
2025-08-08 00:00:00+00:00,1754611200000,3909.71,3934.37,3882.73,3900.01,2575277.3424766413
2025-08-08 01:00:00+00:00,1754614800000,3900.01,3915.96,3880.0,3887.11,1723349.1274165916
2025-08-08 02:00:00+00:00,1754618400000,3887.11,3904.91,3879.34,3892.68,690981.758195494
2025-08-08 03:00:00+00:00,1754622000000,3892.69,3964.47,3892.36,3937.79,3317597.167911463
2025-08-08 04:00:00+00:00,1754625600000,3937.8,3938.0,3915.45,3919.39,1175830.8514350315
2025-08-08 05:00:00+00:00,1754629200000,3919.39,3919.4,3894.11,3900.79,1320458.1759632444
2025-08-08 06:00:00+00:00,1754632800000,3900.8,3918.86,3893.06,3914.54,1312138.8112843086
2025-08-08 07:00:00+00:00,1754636400000,3914.08,3927.52,3900.2,3914.44,967253.9304718757
2025-08-08 08:00:00+00:00,1754640000000,3914.44,3925.28,3886.69,3897.33,1652247.0879328544
2025-08-08 09:00:00+00:00,1754643600000,3897.32,3899.99,3883.59,3899.4,1454230.09610514
2025-08-08 10:00:00+00:00,1754647200000,3898.92,3907.25,3885.54,3896.81,1066442.5856991073
2025-08-08 11:00:00+00:00,1754650800000,3896.82,3920.0,3896.64,3916.78,1024063.30742129
2025-08-08 12:00:00+00:00,1754654400000,3916.77,3916.77,3891.66,3891.87,1400261.840576261
2025-08-08 13:00:00+00:00,1754658000000,3891.67,4009.19,3890.67,3997.5,6749426.718814813
2025-08-08 14:00:00+00:00,1754661600000,3997.5,4003.55,3943.15,3983.14,4630483.915515278
2025-08-08 15:00:00+00:00,1754665200000,3983.14,3987.76,3926.02,3953.28,5225736.670868927
2025-08-08 16:00:00+00:00,1754668800000,3954.4,3974.63,3949.82,3969.2,1900510.0115535187
2025-08-08 17:00:00+00:00,1754672400000,3969.21,4038.75,3967.93,4031.26,5723372.624995536
2025-08-08 18:00:00+00:00,1754676000000,4031.26,4054.73,4028.51,4054.58,6273835.186038072
2025-08-08 19:00:00+00:00,1754679600000,4054.83,4062.62,4030.7,4059.58,4792456.670114072
2025-08-08 20:00:00+00:00,1754683200000,4059.57,4068.11,4044.02,4056.26,4195928.367119906
2025-08-08 21:00:00+00:00,1754686800000,4056.25,4056.94,4037.87,4038.52,1360524.1653841457
2025-08-08 22:00:00+00:00,1754690400000,4037.56,4037.57,4017.92,4024.49,2303191.261147665
2025-08-08 23:00:00+00:00,1754694000000,4024.49,4030.95,4003.95,4007.55,1335961.9381875664
2025-08-09 00:00:00+00:00,1754697600000,4007.56,4024.97,4006.04,4015.48,1022968.9697881176
2025-08-09 01:00:00+00:00,1754701200000,4015.58,4035.34,4009.97,4033.91,1249293.6999145893
2025-08-09 02:00:00+00:00,1754704800000,4032.7,4038.89,4024.58,4032.59,539352.1911395931
2025-08-09 03:00:00+00:00,1754708400000,4032.96,4050.0,4026.08,4049.81,1254445.6914402929
2025-08-09 04:00:00+00:00,1754712000000,4049.99,4098.75,4044.79,4079.79,2340816.958036423
2025-08-09 05:00:00+00:00,1754715600000,4079.79,4211.53,4075.41,4180.0,7685472.529665303
2025-08-09 06:00:00+00:00,1754719200000,4180.0,4181.99,4147.46,4160.95,2709997.537226059
2025-08-09 07:00:00+00:00,1754722800000,4160.95,4175.0,4156.08,4169.29,2483714.2103668847
2025-08-09 08:00:00+00:00,1754726400000,4169.29,4201.52,4165.0,4188.67,2001655.781453913
2025-08-09 09:00:00+00:00,1754730000000,4188.67,4240.0,4174.31,4218.66,2434902.8189288625
2025-08-09 10:00:00+00:00,1754733600000,4218.65,4244.32,4212.85,4215.4,3892489.1757497396
2025-08-09 11:00:00+00:00,1754737200000,4216.76,4216.76,4180.87,4189.36,3745911.3568955087
2025-08-09 12:00:00+00:00,1754740800000,4189.37,4206.27,4181.9,4195.58,2571194.948194989
2025-08-09 13:00:00+00:00,1754744400000,4195.59,4198.0,4163.79,4164.16,2751407.8321970734
2025-08-09 14:00:00+00:00,1754748000000,4164.16,4197.0,4152.28,4194.9,1980816.7281293704
2025-08-09 15:00:00+00:00,1754751600000,4194.9,4225.98,4170.0,4207.93,2605198.3146272055
2025-08-09 16:00:00+00:00,1754755200000,4207.93,4225.0,4191.9,4206.75,1980834.5796827357
2025-08-09 17:00:00+00:00,1754758800000,4206.76,4238.36,4198.72,4233.18,1959563.9288978546
2025-08-09 18:00:00+00:00,1754762400000,4233.19,4254.99,4220.01,4241.0,2243299.0779791246
2025-08-09 19:00:00+00:00,1754766000000,4240.84,4270.0,4237.51,4257.85,1760003.0261463742
2025-08-09 20:00:00+00:00,1754769600000,4257.86,4292.0,4256.51,4288.33,3371614.7975037377
2025-08-09 21:00:00+00:00,1754773200000,4288.44,4298.0,4261.64,4278.22,2247231.967277026
2025-08-09 22:00:00+00:00,1754776800000,4278.22,4324.88,4244.46,4263.92,3602987.022315713
2025-08-09 23:00:00+00:00,1754780400000,4263.83,4275.22,4247.36,4261.8,1469543.0281209827
2025-08-10 00:00:00+00:00,1754784000000,4261.76,4330.55,4247.6,4311.04,1707890.6404655592
2025-08-10 01:00:00+00:00,1754787600000,4311.45,4322.37,4288.85,4300.48,1720402.3783000007
2025-08-10 02:00:00+00:00,1754791200000,4299.22,4304.18,4247.48,4247.48,2245207.950598565
2025-08-10 03:00:00+00:00,1754794800000,4247.11,4256.47,4207.0,4243.9,2341818.672018749
2025-08-10 04:00:00+00:00,1754798400000,4243.44,4264.27,4227.21,4250.97,1219351.1847502056
2025-08-10 05:00:00+00:00,1754802000000,4250.96,4250.96,4214.73,4218.93,1520074.6940208324
2025-08-10 06:00:00+00:00,1754805600000,4220.31,4236.54,4203.53,4225.26,1941074.8042995776
2025-08-10 07:00:00+00:00,1754809200000,4225.99,4233.35,4175.01,4183.56,2629231.692982749
2025-08-10 08:00:00+00:00,1754812800000,4183.57,4217.93,4160.0,4209.62,2973603.828722677
2025-08-10 09:00:00+00:00,1754816400000,4211.63,4229.0,4210.76,4223.89,1710464.605776635
2025-08-10 10:00:00+00:00,1754820000000,4223.89,4231.86,4193.38,4197.35,1962338.9311441912
2025-08-10 11:00:00+00:00,1754823600000,4197.72,4220.23,4177.84,4179.94,1776045.4546302543
2025-08-10 12:00:00+00:00,1754827200000,4180.5,4200.0,4174.49,4200.0,1432304.0006448615
2025-08-10 13:00:00+00:00,1754830800000,4199.99,4205.1,4165.04,4167.59,1036401.8927102566
2025-08-10 14:00:00+00:00,1754834400000,4168.1,4225.57,4160.86,4219.17,1312466.9868630467
2025-08-10 15:00:00+00:00,1754838000000,4219.18,4237.49,4211.58,4217.99,1379502.6036644962
2025-08-10 16:00:00+00:00,1754841600000,4217.67,4241.38,4215.11,4235.3,1142999.7838976511
2025-08-10 17:00:00+00:00,1754845200000,4235.3,4250.0,4224.1,4224.61,734693.80902757
2025-08-10 18:00:00+00:00,1754848800000,4224.6,4235.37,4218.77,4235.03,735633.6165042948
2025-08-10 19:00:00+00:00,1754852400000,4235.03,4260.0,4230.76,4250.06,1472842.2109797872
2025-08-10 20:00:00+00:00,1754856000000,4250.67,4251.13,4210.0,4218.54,1621741.991300673
2025-08-10 21:00:00+00:00,1754859600000,4218.53,4221.85,4185.0,4221.85,1608217.2993307505
2025-08-10 22:00:00+00:00,1754863200000,4223.67,4248.0,4205.69,4248.0,804327.4581734575
2025-08-10 23:00:00+00:00,1754866800000,4249.97,4252.97,4228.5,4251.0,439414.4713254593
2025-08-11 00:00:00+00:00,1754870400000,4251.01,4285.18,4239.7,4263.41,1325154.9590217446
2025-08-11 01:00:00+00:00,1754874000000,4263.4,4322.26,4260.74,4303.64,2117077.7397579397
2025-08-11 02:00:00+00:00,1754877600000,4302.35,4343.0,4296.72,4308.16,2413891.706778304
2025-08-11 03:00:00+00:00,1754881200000,4308.16,4311.69,4283.72,4309.27,1171994.059154315
2025-08-11 04:00:00+00:00,1754884800000,4309.27,4350.0,4306.51,4319.02,2227521.4830041
2025-08-11 05:00:00+00:00,1754888400000,4319.02,4330.5,4291.39,4306.1,1303276.7559683225
2025-08-11 06:00:00+00:00,1754892000000,4306.09,4311.49,4296.07,4298.89,895271.1995708246
2025-08-11 07:00:00+00:00,1754895600000,4298.9,4303.89,4267.95,4275.19,1028962.3557078942
2025-08-11 08:00:00+00:00,1754899200000,4274.78,4285.35,4254.02,4281.75,1584969.5612127478
2025-08-11 09:00:00+00:00,1754902800000,4281.78,4282.4,4260.47,4263.83,977500.2206998889
2025-08-11 10:00:00+00:00,1754906400000,4263.84,4267.31,4214.7,4235.46,1566812.9329710982
2025-08-11 11:00:00+00:00,1754910000000,4235.45,4238.71,4171.25,4184.16,2635753.4837672976
2025-08-11 12:00:00+00:00,1754913600000,4184.16,4198.32,4168.05,4183.53,1768018.9175483368
2025-08-11 13:00:00+00:00,1754917200000,4183.18,4302.2,4172.21,4277.6,3832835.324301756
2025-08-11 14:00:00+00:00,1754920800000,4279.82,4319.25,4260.01,4277.55,3228031.052970247
2025-08-11 15:00:00+00:00,1754924400000,4278.06,4330.0,4258.2,4328.09,2889517.9927846994
2025-08-11 16:00:00+00:00,1754928000000,4328.09,4365.24,4312.06,4312.06,3523322.0050245957
2025-08-11 17:00:00+00:00,1754931600000,4312.06,4320.0,4281.95,4291.98,2746896.4877895075
2025-08-11 18:00:00+00:00,1754935200000,4292.0,4305.99,4267.5,4294.7,1475849.8005314413
2025-08-11 19:00:00+00:00,1754938800000,4294.7,4307.68,4230.78,4258.01,1446382.605823589
2025-08-11 20:00:00+00:00,1754942400000,4258.61,4258.61,4220.5,4245.0,1868847.9834222551
2025-08-11 21:00:00+00:00,1754946000000,4244.0,4254.98,4190.0,4218.92,1739780.2642576455
2025-08-11 22:00:00+00:00,1754949600000,4218.91,4223.16,4191.54,4220.17,846345.4359005307
2025-08-11 23:00:00+00:00,1754953200000,4219.84,4235.45,4215.69,4223.58,343338.6565802101
2025-08-12 00:00:00+00:00,1754956800000,4223.58,4282.0,4220.93,4274.24,1290524.802093142
2025-08-12 01:00:00+00:00,1754960400000,4272.12,4290.38,4259.93,4269.73,925495.6211218811
2025-08-12 02:00:00+00:00,1754964000000,4269.73,4310.0,4262.52,4291.72,911968.2685848016
2025-08-12 03:00:00+00:00,1754967600000,4291.72,4303.63,4274.77,4285.05,598589.6462230193
2025-08-12 04:00:00+00:00,1754971200000,4285.04,4319.99,4280.57,4309.51,1425884.1313189205
2025-08-12 05:00:00+00:00,1754974800000,4309.51,4309.51,4267.81,4285.2,2151439.1507900087
2025-08-12 06:00:00+00:00,1754978400000,4285.2,4310.09,4272.95,4290.46,1666848.3410584559
2025-08-12 07:00:00+00:00,1754982000000,4290.76,4322.37,4290.76,4314.97,1723181.5561431735
2025-08-12 08:00:00+00:00,1754985600000,4314.97,4330.0,4296.19,4309.87,1808664.4966653294
2025-08-12 09:00:00+00:00,1754989200000,4309.86,4316.46,4286.5,4287.28,1060741.8860564467
2025-08-12 10:00:00+00:00,1754992800000,4286.92,4300.0,4275.44,4277.57,967345.5343050483
2025-08-12 11:00:00+00:00,1754996400000,4277.58,4297.02,4258.24,4290.22,1245348.7845253723
2025-08-12 12:00:00+00:00,1755000000000,4290.22,4425.91,4280.0,4404.47,6593133.779892804
2025-08-12 13:00:00+00:00,1755003600000,4404.47,4432.32,4353.84,4382.18,4490814.6998728
2025-08-12 14:00:00+00:00,1755007200000,4382.17,4423.07,4375.66,4414.49,2536200.1189196343
2025-08-12 15:00:00+00:00,1755010800000,4414.5,4480.0,4414.49,4470.53,4725474.750352237
2025-08-12 16:00:00+00:00,1755014400000,4470.53,4485.0,4440.2,4464.51,5004067.85089669
2025-08-12 17:00:00+00:00,1755018000000,4464.51,4502.0,4463.38,4498.81,5340846.095975156
2025-08-12 18:00:00+00:00,1755021600000,4498.8,4518.74,4476.05,4488.39,4002321.988911135
2025-08-12 19:00:00+00:00,1755025200000,4488.62,4516.87,4482.47,4514.41,2661626.5586142396
2025-08-12 20:00:00+00:00,1755028800000,4514.41,4640.0,4503.39,4624.61,8542186.435192997
2025-08-12 21:00:00+00:00,1755032400000,4621.23,4621.23,4578.84,4584.43,5254704.341210878
2025-08-12 22:00:00+00:00,1755036000000,4587.46,4589.55,4562.9,4574.67,2741943.6499913232
2025-08-12 23:00:00+00:00,1755039600000,4574.67,4615.45,4572.61,4588.74,2319066.830235619
2025-08-13 00:00:00+00:00,1755043200000,4590.01,4637.56,4581.57,4616.37,3467522.282074671
2025-08-13 01:00:00+00:00,1755046800000,4612.77,4614.21,4565.0,4582.1,1687013.2985018776
2025-08-13 02:00:00+00:00,1755050400000,4581.27,4626.56,4570.0,4621.42,1023831.3359528126
2025-08-13 03:00:00+00:00,1755054000000,4622.53,4652.99,4607.96,4645.76,1801164.5542396342
2025-08-13 04:00:00+00:00,1755057600000,4645.39,4680.38,4645.39,4672.21,2772051.413888637
2025-08-13 05:00:00+00:00,1755061200000,4672.2,4677.2,4621.69,4631.56,2545250.6887069563
2025-08-13 06:00:00+00:00,1755064800000,4631.57,4649.48,4606.82,4623.66,2781434.9257312147
2025-08-13 07:00:00+00:00,1755068400000,4623.79,4632.54,4613.33,4627.06,1265276.9245520018
2025-08-13 08:00:00+00:00,1755072000000,4626.53,4638.68,4610.0,4624.44,2520312.7077344554
2025-08-13 09:00:00+00:00,1755075600000,4625.0,4711.0,4624.58,4704.61,3765308.978991739
2025-08-13 10:00:00+00:00,1755079200000,4704.62,4715.38,4687.54,4693.98,3403459.5168007067
2025-08-13 11:00:00+00:00,1755082800000,4693.59,4705.4,4670.0,4689.04,2567950.973037953
2025-08-13 12:00:00+00:00,1755086400000,4691.31,4719.6,4670.94,4688.62,3143797.933255307
2025-08-13 13:00:00+00:00,1755090000000,4685.0,4734.0,4649.62,4671.18,4212705.786307577
2025-08-13 14:00:00+00:00,1755093600000,4670.68,4703.43,4635.23,4647.79,2835005.0968070445
2025-08-13 15:00:00+00:00,1755097200000,4649.15,4675.11,4617.0,4662.41,2042100.2504555306
2025-08-13 16:00:00+00:00,1755100800000,4662.42,4733.87,4661.36,4700.01,2371136.948726798
2025-08-13 17:00:00+00:00,1755104400000,4700.0,4734.0,4696.43,4725.43,2416040.447309704
2025-08-13 18:00:00+00:00,1755108000000,4725.43,4748.51,4688.0,4714.34,2875549.150410911
2025-08-13 19:00:00+00:00,1755111600000,4717.85,4728.52,4712.48,4727.97,61694.4921566542
